"LOCATION","INDICATOR","SUBJECT","MEASURE","FREQUENCY","TIME","Value","Flag Codes"
"KOR","QGDP","TOT","PC_CHGPP","Q","2003-Q3",1.932669509,
"KOR","QGDP","TOT","PC_CHGPP","Q","2003-Q4",2.639479586,
"KOR","QGDP","TOT","PC_CHGPP","Q","2004-Q1",1.254800591,
"KOR","QGDP","TOT","PC_CHGPP","Q","2004-Q2",0.763499369,
"KOR","QGDP","TOT","PC_CHGPP","Q","2004-Q3",0.405586129,
"KOR","QGDP","TOT","PC_CHGPP","Q","2004-Q4",0.757933774,
"KOR","QGDP","TOT","PC_CHGPP","Q","2005-Q1",0.850903369,
"KOR","QGDP","TOT","PC_CHGPP","Q","2005-Q2",1.887062862,
"KOR","QGDP","TOT","PC_CHGPP","Q","2005-Q3",1.505330894,
"KOR","QGDP","TOT","PC_CHGPP","Q","2005-Q4",1.012464666,
"KOR","QGDP","TOT","PC_CHGPP","Q","2006-Q1",1.639117138,
"KOR","QGDP","TOT","PC_CHGPP","Q","2006-Q2",0.730602028,
"KOR","QGDP","TOT","PC_CHGPP","Q","2006-Q3",1.613954951,
"KOR","QGDP","TOT","PC_CHGPP","Q","2006-Q4",0.779357615,
"KOR","QGDP","TOT","PC_CHGPP","Q","2007-Q1",1.674043596,
"KOR","QGDP","TOT","PC_CHGPP","Q","2007-Q2",1.730290857,
"KOR","QGDP","TOT","PC_CHGPP","Q","2007-Q3",1.173831453,
"KOR","QGDP","TOT","PC_CHGPP","Q","2007-Q4",2.156948555,
"KOR","QGDP","TOT","PC_CHGPP","Q","2008-Q1",0.402394858,
"KOR","QGDP","TOT","PC_CHGPP","Q","2008-Q2",0.523473003,
"KOR","QGDP","TOT","PC_CHGPP","Q","2008-Q3",0.815881043,
"KOR","QGDP","TOT","PC_CHGPP","Q","2008-Q4",-3.283889347,
"KOR","QGDP","TOT","PC_CHGPP","Q","2009-Q1",0.089986722,
"KOR","QGDP","TOT","PC_CHGPP","Q","2009-Q2",1.332777638,
"KOR","QGDP","TOT","PC_CHGPP","Q","2009-Q3",2.992674785,
"KOR","QGDP","TOT","PC_CHGPP","Q","2009-Q4",0.746867545,
"KOR","QGDP","TOT","PC_CHGPP","Q","2010-Q1",1.959076739,
"KOR","QGDP","TOT","PC_CHGPP","Q","2010-Q2",1.899801372,
"KOR","QGDP","TOT","PC_CHGPP","Q","2010-Q3",1.15521508,
"KOR","QGDP","TOT","PC_CHGPP","Q","2010-Q4",1.219318711,
"KOR","QGDP","TOT","PC_CHGPP","Q","2011-Q1",0.933130719,
"KOR","QGDP","TOT","PC_CHGPP","Q","2011-Q2",0.490791061,
"KOR","QGDP","TOT","PC_CHGPP","Q","2011-Q3",0.526323638,
"KOR","QGDP","TOT","PC_CHGPP","Q","2011-Q4",0.472298068,
"KOR","QGDP","TOT","PC_CHGPP","Q","2012-Q1",0.865665953,
"KOR","QGDP","TOT","PC_CHGPP","Q","2012-Q2",0.565974618,
"KOR","QGDP","TOT","PC_CHGPP","Q","2012-Q3",0.45177694,
"KOR","QGDP","TOT","PC_CHGPP","Q","2012-Q4",0.502248725,
"KOR","QGDP","TOT","PC_CHGPP","Q","2013-Q1",0.86312085,
"KOR","QGDP","TOT","PC_CHGPP","Q","2013-Q2",1.165850338,
"KOR","QGDP","TOT","PC_CHGPP","Q","2013-Q3",0.899048547,
"KOR","QGDP","TOT","PC_CHGPP","Q","2013-Q4",0.775832659,
"KOR","QGDP","TOT","PC_CHGPP","Q","2014-Q1",0.930688362,
"KOR","QGDP","TOT","PC_CHGPP","Q","2014-Q2",0.849742634,
"KOR","QGDP","TOT","PC_CHGPP","Q","2014-Q3",0.343530965,
"KOR","QGDP","TOT","PC_CHGPP","Q","2014-Q4",0.427442707,
"KOR","QGDP","TOT","PC_CHGPP","Q","2015-Q1",0.837872972,
"KOR","QGDP","TOT","PC_CHGPP","Q","2015-Q2",0.419668793,
"KOR","QGDP","TOT","PC_CHGPP","Q","2015-Q3",1.513074861,
"KOR","QGDP","TOT","PC_CHGPP","Q","2015-Q4",0.659315488,
"KOR","QGDP","TOT","PC_CHGPP","Q","2016-Q1",0.307277543,
"KOR","QGDP","TOT","PC_CHGPP","Q","2016-Q2",1.146251409,
"KOR","QGDP","TOT","PC_CHGPP","Q","2016-Q3",0.494029045,
"KOR","QGDP","TOT","PC_CHGPP","Q","2016-Q4",0.602121187,
"KOR","QGDP","TOT","PC_CHGPP","Q","2017-Q1",0.962440835,
"KOR","QGDP","TOT","PC_CHGPP","Q","2017-Q2",0.671283479,
"KOR","QGDP","TOT","PC_CHGPP","Q","2017-Q3",1.482113673,
"KOR","QGDP","TOT","PC_CHGPP","Q","2017-Q4",-0.265752327,
"KOR","QGDP","TOT","PC_CHGPP","Q","2018-Q1",1.148518541,
"KOR","QGDP","TOT","PC_CHGPP","Q","2018-Q2",0.633608551,
"KOR","QGDP","TOT","PC_CHGPP","Q","2018-Q3",0.688281747,
"KOR","QGDP","TOT","PC_CHGPP","Q","2018-Q4",0.822000181,
"KOR","QGDP","TOT","PC_CHGPP","Q","2019-Q1",-0.199687643,
"KOR","QGDP","TOT","PC_CHGPP","Q","2019-Q2",1.046022679,
"KOR","QGDP","TOT","PC_CHGPP","Q","2019-Q3",0.405037445,
"KOR","QGDP","TOT","PC_CHGPP","Q","2019-Q4",1.288454855,
"KOR","QGDP","TOT","PC_CHGPP","Q","2020-Q1",-1.261506728,"P"
"KOR","QGDP","TOT","PC_CHGPP","Q","2020-Q2",-3.150738208,"P"
"KOR","QGDP","TOT","PC_CHGPP","Q","2020-Q3",2.233424391,"P"
"KOR","QGDP","TOT","PC_CHGPP","Q","2020-Q4",1.142221229,"P"
"KOR","QGDP","TOT","PC_CHGPP","Q","2021-Q1",1.740407308,"P"
"KOR","QGDP","TOT","PC_CHGPP","Q","2021-Q2",0.770711605,"P"
"KOR","QGDP","TOT","PC_CHGPP","Q","2021-Q3",0.311163633,"P"
"KOR","QGDP","TOT","PC_CHGPP","Q","2021-Q4",1.118547956,"P"
"AUS","QGDP","TOT","PC_CHGPP","Q","2003-Q3",1.730994005,
"AUS","QGDP","TOT","PC_CHGPP","Q","2003-Q4",1.649791928,
"AUS","QGDP","TOT","PC_CHGPP","Q","2004-Q1",0.789992818,
"AUS","QGDP","TOT","PC_CHGPP","Q","2004-Q2",0.653017047,
"AUS","QGDP","TOT","PC_CHGPP","Q","2004-Q3",0.765572821,
"AUS","QGDP","TOT","PC_CHGPP","Q","2004-Q4",0.766574279,
"AUS","QGDP","TOT","PC_CHGPP","Q","2005-Q1",0.769862119,
"AUS","QGDP","TOT","PC_CHGPP","Q","2005-Q2",0.423590271,
"AUS","QGDP","TOT","PC_CHGPP","Q","2005-Q3",1.114247425,
"AUS","QGDP","TOT","PC_CHGPP","Q","2005-Q4",0.785436648,
"AUS","QGDP","TOT","PC_CHGPP","Q","2006-Q1",0.118665921,
"AUS","QGDP","TOT","PC_CHGPP","Q","2006-Q2",0.18747507,
"AUS","QGDP","TOT","PC_CHGPP","Q","2006-Q3",1.489031333,
"AUS","QGDP","TOT","PC_CHGPP","Q","2006-Q4",1.310266369,
"AUS","QGDP","TOT","PC_CHGPP","Q","2007-Q1",1.390955608,
"AUS","QGDP","TOT","PC_CHGPP","Q","2007-Q2",0.607781679,
"AUS","QGDP","TOT","PC_CHGPP","Q","2007-Q3",1.141247319,
"AUS","QGDP","TOT","PC_CHGPP","Q","2007-Q4",0.43885517,
"AUS","QGDP","TOT","PC_CHGPP","Q","2008-Q1",1.035091138,
"AUS","QGDP","TOT","PC_CHGPP","Q","2008-Q2",0.285841847,
"AUS","QGDP","TOT","PC_CHGPP","Q","2008-Q3",0.709143259,
"AUS","QGDP","TOT","PC_CHGPP","Q","2008-Q4",-0.445194282,
"AUS","QGDP","TOT","PC_CHGPP","Q","2009-Q1",0.911711153,
"AUS","QGDP","TOT","PC_CHGPP","Q","2009-Q2",0.747253777,
"AUS","QGDP","TOT","PC_CHGPP","Q","2009-Q3",0.283762725,
"AUS","QGDP","TOT","PC_CHGPP","Q","2009-Q4",0.787545646,
"AUS","QGDP","TOT","PC_CHGPP","Q","2010-Q1",0.434419083,
"AUS","QGDP","TOT","PC_CHGPP","Q","2010-Q2",0.640536054,
"AUS","QGDP","TOT","PC_CHGPP","Q","2010-Q3",0.700459384,
"AUS","QGDP","TOT","PC_CHGPP","Q","2010-Q4",0.918657258,
"AUS","QGDP","TOT","PC_CHGPP","Q","2011-Q1",-0.302186997,
"AUS","QGDP","TOT","PC_CHGPP","Q","2011-Q2",1.270086187,
"AUS","QGDP","TOT","PC_CHGPP","Q","2011-Q3",1.346117339,
"AUS","QGDP","TOT","PC_CHGPP","Q","2011-Q4",1.110027222,
"AUS","QGDP","TOT","PC_CHGPP","Q","2012-Q1",0.947949398,
"AUS","QGDP","TOT","PC_CHGPP","Q","2012-Q2",0.717870983,
"AUS","QGDP","TOT","PC_CHGPP","Q","2012-Q3",0.59112228,
"AUS","QGDP","TOT","PC_CHGPP","Q","2012-Q4",0.515662787,
"AUS","QGDP","TOT","PC_CHGPP","Q","2013-Q1",0.425018021,
"AUS","QGDP","TOT","PC_CHGPP","Q","2013-Q2",0.399448137,
"AUS","QGDP","TOT","PC_CHGPP","Q","2013-Q3",0.785040134,
"AUS","QGDP","TOT","PC_CHGPP","Q","2013-Q4",0.832588648,
"AUS","QGDP","TOT","PC_CHGPP","Q","2014-Q1",0.757646704,
"AUS","QGDP","TOT","PC_CHGPP","Q","2014-Q2",0.433215452,
"AUS","QGDP","TOT","PC_CHGPP","Q","2014-Q3",0.475136051,
"AUS","QGDP","TOT","PC_CHGPP","Q","2014-Q4",0.393587578,
"AUS","QGDP","TOT","PC_CHGPP","Q","2015-Q1",0.906714882,
"AUS","QGDP","TOT","PC_CHGPP","Q","2015-Q2",0.085155453,
"AUS","QGDP","TOT","PC_CHGPP","Q","2015-Q3",1.042488323,
"AUS","QGDP","TOT","PC_CHGPP","Q","2015-Q4",0.627153098,
"AUS","QGDP","TOT","PC_CHGPP","Q","2016-Q1",0.857287928,
"AUS","QGDP","TOT","PC_CHGPP","Q","2016-Q2",0.630262541,
"AUS","QGDP","TOT","PC_CHGPP","Q","2016-Q3",0.131833212,
"AUS","QGDP","TOT","PC_CHGPP","Q","2016-Q4",1.077293215,
"AUS","QGDP","TOT","PC_CHGPP","Q","2017-Q1",0.237389102,
"AUS","QGDP","TOT","PC_CHGPP","Q","2017-Q2",0.652067632,
"AUS","QGDP","TOT","PC_CHGPP","Q","2017-Q3",0.972921371,
"AUS","QGDP","TOT","PC_CHGPP","Q","2017-Q4",0.453139805,
"AUS","QGDP","TOT","PC_CHGPP","Q","2018-Q1",0.862388859,
"AUS","QGDP","TOT","PC_CHGPP","Q","2018-Q2",0.879679205,
"AUS","QGDP","TOT","PC_CHGPP","Q","2018-Q3",0.410944112,
"AUS","QGDP","TOT","PC_CHGPP","Q","2018-Q4",0.136150216,
"AUS","QGDP","TOT","PC_CHGPP","Q","2019-Q1",0.417418933,
"AUS","QGDP","TOT","PC_CHGPP","Q","2019-Q2",0.69778376,
"AUS","QGDP","TOT","PC_CHGPP","Q","2019-Q3",0.803162955,
"AUS","QGDP","TOT","PC_CHGPP","Q","2019-Q4",0.390628883,
"AUS","QGDP","TOT","PC_CHGPP","Q","2020-Q1",-0.293663366,
"AUS","QGDP","TOT","PC_CHGPP","Q","2020-Q2",-6.792819309,
"AUS","QGDP","TOT","PC_CHGPP","Q","2020-Q3",3.416049809,
"AUS","QGDP","TOT","PC_CHGPP","Q","2020-Q4",3.268596012,
"AUS","QGDP","TOT","PC_CHGPP","Q","2021-Q1",1.820594162,
"AUS","QGDP","TOT","PC_CHGPP","Q","2021-Q2",0.703263543,
"AUS","QGDP","TOT","PC_CHGPP","Q","2021-Q3",-1.922074081,
"GBR","QGDP","TOT","PC_CHGPP","Q","2003-Q3",0.981985845,
"GBR","QGDP","TOT","PC_CHGPP","Q","2003-Q4",0.791027155,
"GBR","QGDP","TOT","PC_CHGPP","Q","2004-Q1",0.446923347,
"GBR","QGDP","TOT","PC_CHGPP","Q","2004-Q2",0.54316137,
"GBR","QGDP","TOT","PC_CHGPP","Q","2004-Q3",0.246693284,
"GBR","QGDP","TOT","PC_CHGPP","Q","2004-Q4",0.348659208,
"GBR","QGDP","TOT","PC_CHGPP","Q","2005-Q1",0.607756489,
"GBR","QGDP","TOT","PC_CHGPP","Q","2005-Q2",0.963318523,
"GBR","QGDP","TOT","PC_CHGPP","Q","2005-Q3",0.882092924,
"GBR","QGDP","TOT","PC_CHGPP","Q","2005-Q4",1.092055496,
"GBR","QGDP","TOT","PC_CHGPP","Q","2006-Q1",0.52996235,
"GBR","QGDP","TOT","PC_CHGPP","Q","2006-Q2",0.345980978,
"GBR","QGDP","TOT","PC_CHGPP","Q","2006-Q3",0.232546297,
"GBR","QGDP","TOT","PC_CHGPP","Q","2006-Q4",0.638018628,
"GBR","QGDP","TOT","PC_CHGPP","Q","2007-Q1",0.783737963,
"GBR","QGDP","TOT","PC_CHGPP","Q","2007-Q2",0.463747548,
"GBR","QGDP","TOT","PC_CHGPP","Q","2007-Q3",0.682438581,
"GBR","QGDP","TOT","PC_CHGPP","Q","2007-Q4",0.385228837,
"GBR","QGDP","TOT","PC_CHGPP","Q","2008-Q1",0.603271437,
"GBR","QGDP","TOT","PC_CHGPP","Q","2008-Q2",-0.45050659,
"GBR","QGDP","TOT","PC_CHGPP","Q","2008-Q3",-1.490218453,
"GBR","QGDP","TOT","PC_CHGPP","Q","2008-Q4",-2.005279354,
"GBR","QGDP","TOT","PC_CHGPP","Q","2009-Q1",-1.802244248,
"GBR","QGDP","TOT","PC_CHGPP","Q","2009-Q2",-0.313933676,
"GBR","QGDP","TOT","PC_CHGPP","Q","2009-Q3",0.063201652,
"GBR","QGDP","TOT","PC_CHGPP","Q","2009-Q4",0.3103824,
"GBR","QGDP","TOT","PC_CHGPP","Q","2010-Q1",0.698471499,
"GBR","QGDP","TOT","PC_CHGPP","Q","2010-Q2",1.133482316,
"GBR","QGDP","TOT","PC_CHGPP","Q","2010-Q3",0.700938054,
"GBR","QGDP","TOT","PC_CHGPP","Q","2010-Q4",0.120686818,
"GBR","QGDP","TOT","PC_CHGPP","Q","2011-Q1",0.46235612,
"GBR","QGDP","TOT","PC_CHGPP","Q","2011-Q2",0.101107568,
"GBR","QGDP","TOT","PC_CHGPP","Q","2011-Q3",0.319361612,
"GBR","QGDP","TOT","PC_CHGPP","Q","2011-Q4",0.127212644,
"GBR","QGDP","TOT","PC_CHGPP","Q","2012-Q1",0.677605433,
"GBR","QGDP","TOT","PC_CHGPP","Q","2012-Q2",-0.05884998,
"GBR","QGDP","TOT","PC_CHGPP","Q","2012-Q3",1.224551575,
"GBR","QGDP","TOT","PC_CHGPP","Q","2012-Q4",-0.246822544,
"GBR","QGDP","TOT","PC_CHGPP","Q","2013-Q1",0.459137577,
"GBR","QGDP","TOT","PC_CHGPP","Q","2013-Q2",0.657147062,
"GBR","QGDP","TOT","PC_CHGPP","Q","2013-Q3",0.767182928,
"GBR","QGDP","TOT","PC_CHGPP","Q","2013-Q4",0.525966842,
"GBR","QGDP","TOT","PC_CHGPP","Q","2014-Q1",0.932765882,
"GBR","QGDP","TOT","PC_CHGPP","Q","2014-Q2",0.806169711,
"GBR","QGDP","TOT","PC_CHGPP","Q","2014-Q3",0.677173328,
"GBR","QGDP","TOT","PC_CHGPP","Q","2014-Q4",0.560482829,
"GBR","QGDP","TOT","PC_CHGPP","Q","2015-Q1",0.644738174,
"GBR","QGDP","TOT","PC_CHGPP","Q","2015-Q2",0.738449044,
"GBR","QGDP","TOT","PC_CHGPP","Q","2015-Q3",0.537252584,
"GBR","QGDP","TOT","PC_CHGPP","Q","2015-Q4",0.679861698,
"GBR","QGDP","TOT","PC_CHGPP","Q","2016-Q1",0.441647198,
"GBR","QGDP","TOT","PC_CHGPP","Q","2016-Q2",0.577337338,
"GBR","QGDP","TOT","PC_CHGPP","Q","2016-Q3",0.445252857,
"GBR","QGDP","TOT","PC_CHGPP","Q","2016-Q4",0.73929692,
"GBR","QGDP","TOT","PC_CHGPP","Q","2017-Q1",0.649836103,
"GBR","QGDP","TOT","PC_CHGPP","Q","2017-Q2",0.310747896,
"GBR","QGDP","TOT","PC_CHGPP","Q","2017-Q3",0.428297394,
"GBR","QGDP","TOT","PC_CHGPP","Q","2017-Q4",0.402869485,
"GBR","QGDP","TOT","PC_CHGPP","Q","2018-Q1",0.236706446,
"GBR","QGDP","TOT","PC_CHGPP","Q","2018-Q2",0.54664776,
"GBR","QGDP","TOT","PC_CHGPP","Q","2018-Q3",0.631727016,
"GBR","QGDP","TOT","PC_CHGPP","Q","2018-Q4",0.335440843,
"GBR","QGDP","TOT","PC_CHGPP","Q","2019-Q1",0.641957711,
"GBR","QGDP","TOT","PC_CHGPP","Q","2019-Q2",0.13273242,
"GBR","QGDP","TOT","PC_CHGPP","Q","2019-Q3",0.45897235,
"GBR","QGDP","TOT","PC_CHGPP","Q","2019-Q4",-0.044750089,
"GBR","QGDP","TOT","PC_CHGPP","Q","2020-Q1",-2.637367304,
"GBR","QGDP","TOT","PC_CHGPP","Q","2020-Q2",-19.449477922,
"GBR","QGDP","TOT","PC_CHGPP","Q","2020-Q3",17.57247971,
"GBR","QGDP","TOT","PC_CHGPP","Q","2020-Q4",1.50247662,
"GBR","QGDP","TOT","PC_CHGPP","Q","2021-Q1",-1.170349138,
"GBR","QGDP","TOT","PC_CHGPP","Q","2021-Q2",5.648425902,
"GBR","QGDP","TOT","PC_CHGPP","Q","2021-Q3",0.988887018,
"GBR","QGDP","TOT","PC_CHGPP","Q","2021-Q4",0.963245341,
"ESP","QGDP","TOT","PC_CHGPP","Q","2003-Q3",0.659429635,
"ESP","QGDP","TOT","PC_CHGPP","Q","2003-Q4",0.864495959,
"ESP","QGDP","TOT","PC_CHGPP","Q","2004-Q1",0.603043582,
"ESP","QGDP","TOT","PC_CHGPP","Q","2004-Q2",0.97698308,
"ESP","QGDP","TOT","PC_CHGPP","Q","2004-Q3",0.940418575,
"ESP","QGDP","TOT","PC_CHGPP","Q","2004-Q4",0.684310959,
"ESP","QGDP","TOT","PC_CHGPP","Q","2005-Q1",0.976289542,
"ESP","QGDP","TOT","PC_CHGPP","Q","2005-Q2",0.882073444,
"ESP","QGDP","TOT","PC_CHGPP","Q","2005-Q3",0.966995513,
"ESP","QGDP","TOT","PC_CHGPP","Q","2005-Q4",1.01386663,
"ESP","QGDP","TOT","PC_CHGPP","Q","2006-Q1",1.145103991,
"ESP","QGDP","TOT","PC_CHGPP","Q","2006-Q2",0.969214739,
"ESP","QGDP","TOT","PC_CHGPP","Q","2006-Q3",0.929139945,
"ESP","QGDP","TOT","PC_CHGPP","Q","2006-Q4",0.961484836,
"ESP","QGDP","TOT","PC_CHGPP","Q","2007-Q1",0.914765508,
"ESP","QGDP","TOT","PC_CHGPP","Q","2007-Q2",0.896255506,
"ESP","QGDP","TOT","PC_CHGPP","Q","2007-Q3",0.766768541,
"ESP","QGDP","TOT","PC_CHGPP","Q","2007-Q4",0.642845606,
"ESP","QGDP","TOT","PC_CHGPP","Q","2008-Q1",0.215766273,
"ESP","QGDP","TOT","PC_CHGPP","Q","2008-Q2",0.10925228,
"ESP","QGDP","TOT","PC_CHGPP","Q","2008-Q3",-0.184139804,
"ESP","QGDP","TOT","PC_CHGPP","Q","2008-Q4",-1.614017593,
"ESP","QGDP","TOT","PC_CHGPP","Q","2009-Q1",-2.605535405,
"ESP","QGDP","TOT","PC_CHGPP","Q","2009-Q2",-0.010778265,
"ESP","QGDP","TOT","PC_CHGPP","Q","2009-Q3",0.211128086,
"ESP","QGDP","TOT","PC_CHGPP","Q","2009-Q4",-0.020400669,
"ESP","QGDP","TOT","PC_CHGPP","Q","2010-Q1",-0.028195768,
"ESP","QGDP","TOT","PC_CHGPP","Q","2010-Q2",0.149925037,
"ESP","QGDP","TOT","PC_CHGPP","Q","2010-Q3",-0.051135353,
"ESP","QGDP","TOT","PC_CHGPP","Q","2010-Q4",0.067103146,
"ESP","QGDP","TOT","PC_CHGPP","Q","2011-Q1",-0.155975029,
"ESP","QGDP","TOT","PC_CHGPP","Q","2011-Q2",-0.316890172,
"ESP","QGDP","TOT","PC_CHGPP","Q","2011-Q3",-0.648079214,
"ESP","QGDP","TOT","PC_CHGPP","Q","2011-Q4",-0.648559942,
"ESP","QGDP","TOT","PC_CHGPP","Q","2012-Q1",-0.937141737,
"ESP","QGDP","TOT","PC_CHGPP","Q","2012-Q2",-0.961234644,
"ESP","QGDP","TOT","PC_CHGPP","Q","2012-Q3",-0.509690265,
"ESP","QGDP","TOT","PC_CHGPP","Q","2012-Q4",-0.762656859,
"ESP","QGDP","TOT","PC_CHGPP","Q","2013-Q1",-0.319631859,
"ESP","QGDP","TOT","PC_CHGPP","Q","2013-Q2",-0.087487355,
"ESP","QGDP","TOT","PC_CHGPP","Q","2013-Q3",-0.054727477,
"ESP","QGDP","TOT","PC_CHGPP","Q","2013-Q4",0.16661908,
"ESP","QGDP","TOT","PC_CHGPP","Q","2014-Q1",0.367436031,
"ESP","QGDP","TOT","PC_CHGPP","Q","2014-Q2",0.463352007,
"ESP","QGDP","TOT","PC_CHGPP","Q","2014-Q3",0.740035085,
"ESP","QGDP","TOT","PC_CHGPP","Q","2014-Q4",0.858377348,
"ESP","QGDP","TOT","PC_CHGPP","Q","2015-Q1",1.147594092,
"ESP","QGDP","TOT","PC_CHGPP","Q","2015-Q2",1.072777012,
"ESP","QGDP","TOT","PC_CHGPP","Q","2015-Q3",0.910029713,
"ESP","QGDP","TOT","PC_CHGPP","Q","2015-Q4",0.969062415,
"ESP","QGDP","TOT","PC_CHGPP","Q","2016-Q1",0.677651054,
"ESP","QGDP","TOT","PC_CHGPP","Q","2016-Q2",0.41940912,
"ESP","QGDP","TOT","PC_CHGPP","Q","2016-Q3",0.88706963,
"ESP","QGDP","TOT","PC_CHGPP","Q","2016-Q4",0.464567325,
"ESP","QGDP","TOT","PC_CHGPP","Q","2017-Q1",0.793789658,
"ESP","QGDP","TOT","PC_CHGPP","Q","2017-Q2",1.073786986,
"ESP","QGDP","TOT","PC_CHGPP","Q","2017-Q3",0.577280996,
"ESP","QGDP","TOT","PC_CHGPP","Q","2017-Q4",0.62554452,
"ESP","QGDP","TOT","PC_CHGPP","Q","2018-Q1",0.377842041,
"ESP","QGDP","TOT","PC_CHGPP","Q","2018-Q2",0.586193572,
"ESP","QGDP","TOT","PC_CHGPP","Q","2018-Q3",0.51760509,
"ESP","QGDP","TOT","PC_CHGPP","Q","2018-Q4",0.674983961,
"ESP","QGDP","TOT","PC_CHGPP","Q","2019-Q1",0.601311089,"P"
"ESP","QGDP","TOT","PC_CHGPP","Q","2019-Q2",0.365570965,"P"
"ESP","QGDP","TOT","PC_CHGPP","Q","2019-Q3",0.37901041,"P"
"ESP","QGDP","TOT","PC_CHGPP","Q","2019-Q4",0.376576034,"P"
"ESP","QGDP","TOT","PC_CHGPP","Q","2020-Q1",-5.391222646,"P"
"ESP","QGDP","TOT","PC_CHGPP","Q","2020-Q2",-17.652092761,"P"
"ESP","QGDP","TOT","PC_CHGPP","Q","2020-Q3",16.798457005,"P"
"ESP","QGDP","TOT","PC_CHGPP","Q","2020-Q4",0.222620107,"P"
"ESP","QGDP","TOT","PC_CHGPP","Q","2021-Q1",-0.669664875,"P"
"ESP","QGDP","TOT","PC_CHGPP","Q","2021-Q2",1.192779327,"P"
"ESP","QGDP","TOT","PC_CHGPP","Q","2021-Q3",2.630039,"P"
"ESP","QGDP","TOT","PC_CHGPP","Q","2021-Q4",2.011580755,"P"
"JPN","QGDP","TOT","PC_CHGPP","Q","2003-Q3",0.29478826,
"JPN","QGDP","TOT","PC_CHGPP","Q","2003-Q4",1.088073015,
"JPN","QGDP","TOT","PC_CHGPP","Q","2004-Q1",0.734395772,
"JPN","QGDP","TOT","PC_CHGPP","Q","2004-Q2",0.016466284,
"JPN","QGDP","TOT","PC_CHGPP","Q","2004-Q3",0.611643653,
"JPN","QGDP","TOT","PC_CHGPP","Q","2004-Q4",-0.194202492,
"JPN","QGDP","TOT","PC_CHGPP","Q","2005-Q1",0.515142751,
"JPN","QGDP","TOT","PC_CHGPP","Q","2005-Q2",0.78092818,
"JPN","QGDP","TOT","PC_CHGPP","Q","2005-Q3",1.014260746,
"JPN","QGDP","TOT","PC_CHGPP","Q","2005-Q4",0.173084581,
"JPN","QGDP","TOT","PC_CHGPP","Q","2006-Q1",0.153653824,
"JPN","QGDP","TOT","PC_CHGPP","Q","2006-Q2",0.164013317,
"JPN","QGDP","TOT","PC_CHGPP","Q","2006-Q3",-0.19997591,
"JPN","QGDP","TOT","PC_CHGPP","Q","2006-Q4",1.339622116,
"JPN","QGDP","TOT","PC_CHGPP","Q","2007-Q1",0.661949192,
"JPN","QGDP","TOT","PC_CHGPP","Q","2007-Q2",0.046983349,
"JPN","QGDP","TOT","PC_CHGPP","Q","2007-Q3",-0.54251844,
"JPN","QGDP","TOT","PC_CHGPP","Q","2007-Q4",0.423889971,
"JPN","QGDP","TOT","PC_CHGPP","Q","2008-Q1",0.353357092,
"JPN","QGDP","TOT","PC_CHGPP","Q","2008-Q2",-0.567317126,
"JPN","QGDP","TOT","PC_CHGPP","Q","2008-Q3",-1.246661865,
"JPN","QGDP","TOT","PC_CHGPP","Q","2008-Q4",-2.474369691,
"JPN","QGDP","TOT","PC_CHGPP","Q","2009-Q1",-4.808010488,
"JPN","QGDP","TOT","PC_CHGPP","Q","2009-Q2",1.963229732,
"JPN","QGDP","TOT","PC_CHGPP","Q","2009-Q3",-0.04444675,
"JPN","QGDP","TOT","PC_CHGPP","Q","2009-Q4",1.23382874,
"JPN","QGDP","TOT","PC_CHGPP","Q","2010-Q1",1.052701833,
"JPN","QGDP","TOT","PC_CHGPP","Q","2010-Q2",1.20076295,
"JPN","QGDP","TOT","PC_CHGPP","Q","2010-Q3",1.814213184,
"JPN","QGDP","TOT","PC_CHGPP","Q","2010-Q4",-0.816572242,
"JPN","QGDP","TOT","PC_CHGPP","Q","2011-Q1",-1.059534428,
"JPN","QGDP","TOT","PC_CHGPP","Q","2011-Q2",-0.859104907,
"JPN","QGDP","TOT","PC_CHGPP","Q","2011-Q3",2.432176915,
"JPN","QGDP","TOT","PC_CHGPP","Q","2011-Q4",-0.141893299,
"JPN","QGDP","TOT","PC_CHGPP","Q","2012-Q1",1.373454907,
"JPN","QGDP","TOT","PC_CHGPP","Q","2012-Q2",-0.897936171,
"JPN","QGDP","TOT","PC_CHGPP","Q","2012-Q3",-0.373529284,
"JPN","QGDP","TOT","PC_CHGPP","Q","2012-Q4",-0.07352438,
"JPN","QGDP","TOT","PC_CHGPP","Q","2013-Q1",1.374829293,
"JPN","QGDP","TOT","PC_CHGPP","Q","2013-Q2",0.904186503,
"JPN","QGDP","TOT","PC_CHGPP","Q","2013-Q3",0.964297533,
"JPN","QGDP","TOT","PC_CHGPP","Q","2013-Q4",-0.116491054,
"JPN","QGDP","TOT","PC_CHGPP","Q","2014-Q1",0.808302362,
"JPN","QGDP","TOT","PC_CHGPP","Q","2014-Q2",-1.814711845,
"JPN","QGDP","TOT","PC_CHGPP","Q","2014-Q3",0.094366633,
"JPN","QGDP","TOT","PC_CHGPP","Q","2014-Q4",0.474880801,
"JPN","QGDP","TOT","PC_CHGPP","Q","2015-Q1",1.535071604,
"JPN","QGDP","TOT","PC_CHGPP","Q","2015-Q2",0.14385764,
"JPN","QGDP","TOT","PC_CHGPP","Q","2015-Q3",0.090367098,
"JPN","QGDP","TOT","PC_CHGPP","Q","2015-Q4",-0.148106102,
"JPN","QGDP","TOT","PC_CHGPP","Q","2016-Q1",0.722481701,
"JPN","QGDP","TOT","PC_CHGPP","Q","2016-Q2",-0.133825744,
"JPN","QGDP","TOT","PC_CHGPP","Q","2016-Q3",0.176880788,
"JPN","QGDP","TOT","PC_CHGPP","Q","2016-Q4",0.150999159,
"JPN","QGDP","TOT","PC_CHGPP","Q","2017-Q1",0.801916465,
"JPN","QGDP","TOT","PC_CHGPP","Q","2017-Q2",0.427481859,
"JPN","QGDP","TOT","PC_CHGPP","Q","2017-Q3",0.760907856,
"JPN","QGDP","TOT","PC_CHGPP","Q","2017-Q4",0.094031789,
"JPN","QGDP","TOT","PC_CHGPP","Q","2018-Q1",0.13139815,
"JPN","QGDP","TOT","PC_CHGPP","Q","2018-Q2",0.397875379,
"JPN","QGDP","TOT","PC_CHGPP","Q","2018-Q3",-0.72538689,
"JPN","QGDP","TOT","PC_CHGPP","Q","2018-Q4",-0.206611346,
"JPN","QGDP","TOT","PC_CHGPP","Q","2019-Q1",0.479093832,
"JPN","QGDP","TOT","PC_CHGPP","Q","2019-Q2",0.519519855,
"JPN","QGDP","TOT","PC_CHGPP","Q","2019-Q3",0.01264466,
"JPN","QGDP","TOT","PC_CHGPP","Q","2019-Q4",-2.757102038,
"JPN","QGDP","TOT","PC_CHGPP","Q","2020-Q1",0.445943155,
"JPN","QGDP","TOT","PC_CHGPP","Q","2020-Q2",-7.940592892,
"JPN","QGDP","TOT","PC_CHGPP","Q","2020-Q3",5.305350263,
"JPN","QGDP","TOT","PC_CHGPP","Q","2020-Q4",1.834741628,
"JPN","QGDP","TOT","PC_CHGPP","Q","2021-Q1",-0.525160679,
"JPN","QGDP","TOT","PC_CHGPP","Q","2021-Q2",0.589797717,
"JPN","QGDP","TOT","PC_CHGPP","Q","2021-Q3",-0.688898265,
"JPN","QGDP","TOT","PC_CHGPP","Q","2021-Q4",1.321551523,
"OECD","QGDP","TOT","PC_CHGPP","Q","2003-Q3",1.047695455,
"OECD","QGDP","TOT","PC_CHGPP","Q","2003-Q4",1.07058786,
"OECD","QGDP","TOT","PC_CHGPP","Q","2004-Q1",0.772276547,
"OECD","QGDP","TOT","PC_CHGPP","Q","2004-Q2",0.702158122,
"OECD","QGDP","TOT","PC_CHGPP","Q","2004-Q3",0.604300398,
"OECD","QGDP","TOT","PC_CHGPP","Q","2004-Q4",0.686184398,
"OECD","QGDP","TOT","PC_CHGPP","Q","2005-Q1",0.753277524,
"OECD","QGDP","TOT","PC_CHGPP","Q","2005-Q2",0.666648222,
"OECD","QGDP","TOT","PC_CHGPP","Q","2005-Q3",0.902137324,
"OECD","QGDP","TOT","PC_CHGPP","Q","2005-Q4",0.76008017,
"OECD","QGDP","TOT","PC_CHGPP","Q","2006-Q1",1.031134972,
"OECD","QGDP","TOT","PC_CHGPP","Q","2006-Q2",0.681075297,
"OECD","QGDP","TOT","PC_CHGPP","Q","2006-Q3",0.371216455,
"OECD","QGDP","TOT","PC_CHGPP","Q","2006-Q4",0.975937567,
"OECD","QGDP","TOT","PC_CHGPP","Q","2007-Q1",0.679820996,
"OECD","QGDP","TOT","PC_CHGPP","Q","2007-Q2",0.651733721,
"OECD","QGDP","TOT","PC_CHGPP","Q","2007-Q3",0.519126856,
"OECD","QGDP","TOT","PC_CHGPP","Q","2007-Q4",0.70048209,
"OECD","QGDP","TOT","PC_CHGPP","Q","2008-Q1",0.190303301,
"OECD","QGDP","TOT","PC_CHGPP","Q","2008-Q2",0.019375509,
"OECD","QGDP","TOT","PC_CHGPP","Q","2008-Q3",-0.503516051,
"OECD","QGDP","TOT","PC_CHGPP","Q","2008-Q4",-1.99298465,
"OECD","QGDP","TOT","PC_CHGPP","Q","2009-Q1",-2.315156186,
"OECD","QGDP","TOT","PC_CHGPP","Q","2009-Q2",0.197511667,
"OECD","QGDP","TOT","PC_CHGPP","Q","2009-Q3",0.582381487,
"OECD","QGDP","TOT","PC_CHGPP","Q","2009-Q4",0.901599074,
"OECD","QGDP","TOT","PC_CHGPP","Q","2010-Q1",0.60166567,
"OECD","QGDP","TOT","PC_CHGPP","Q","2010-Q2",1.105193188,
"OECD","QGDP","TOT","PC_CHGPP","Q","2010-Q3",0.852293581,
"OECD","QGDP","TOT","PC_CHGPP","Q","2010-Q4",0.569531598,
"OECD","QGDP","TOT","PC_CHGPP","Q","2011-Q1",0.279169637,
"OECD","QGDP","TOT","PC_CHGPP","Q","2011-Q2",0.378683121,
"OECD","QGDP","TOT","PC_CHGPP","Q","2011-Q3",0.591340126,
"OECD","QGDP","TOT","PC_CHGPP","Q","2011-Q4",0.429425245,
"OECD","QGDP","TOT","PC_CHGPP","Q","2012-Q1",0.480866115,
"OECD","QGDP","TOT","PC_CHGPP","Q","2012-Q2",0.142375593,
"OECD","QGDP","TOT","PC_CHGPP","Q","2012-Q3",0.177459189,
"OECD","QGDP","TOT","PC_CHGPP","Q","2012-Q4",0.039960109,
"OECD","QGDP","TOT","PC_CHGPP","Q","2013-Q1",0.581979816,
"OECD","QGDP","TOT","PC_CHGPP","Q","2013-Q2",0.540324282,
"OECD","QGDP","TOT","PC_CHGPP","Q","2013-Q3",0.715258717,
"OECD","QGDP","TOT","PC_CHGPP","Q","2013-Q4",0.486070355,
"OECD","QGDP","TOT","PC_CHGPP","Q","2014-Q1",0.35761356,
"OECD","QGDP","TOT","PC_CHGPP","Q","2014-Q2",0.484965563,
"OECD","QGDP","TOT","PC_CHGPP","Q","2014-Q3",0.773900179,
"OECD","QGDP","TOT","PC_CHGPP","Q","2014-Q4",0.55272469,
"OECD","QGDP","TOT","PC_CHGPP","Q","2015-Q1",0.815999486,
"OECD","QGDP","TOT","PC_CHGPP","Q","2015-Q2",0.550192807,
"OECD","QGDP","TOT","PC_CHGPP","Q","2015-Q3",0.531908478,
"OECD","QGDP","TOT","PC_CHGPP","Q","2015-Q4",0.30797206,
"OECD","QGDP","TOT","PC_CHGPP","Q","2016-Q1",0.543938055,
"OECD","QGDP","TOT","PC_CHGPP","Q","2016-Q2",0.3661668,
"OECD","QGDP","TOT","PC_CHGPP","Q","2016-Q3",0.394379558,
"OECD","QGDP","TOT","PC_CHGPP","Q","2016-Q4",0.811246166,
"OECD","QGDP","TOT","PC_CHGPP","Q","2017-Q1",0.643305928,
"OECD","QGDP","TOT","PC_CHGPP","Q","2017-Q2",0.728235088,
"OECD","QGDP","TOT","PC_CHGPP","Q","2017-Q3",0.728888987,
"OECD","QGDP","TOT","PC_CHGPP","Q","2017-Q4",0.790812512,
"OECD","QGDP","TOT","PC_CHGPP","Q","2018-Q1",0.575202054,
"OECD","QGDP","TOT","PC_CHGPP","Q","2018-Q2",0.63815378,
"OECD","QGDP","TOT","PC_CHGPP","Q","2018-Q3",0.215067375,
"OECD","QGDP","TOT","PC_CHGPP","Q","2018-Q4",0.201914847,
"OECD","QGDP","TOT","PC_CHGPP","Q","2019-Q1",0.625042326,
"OECD","QGDP","TOT","PC_CHGPP","Q","2019-Q2",0.587902174,
"OECD","QGDP","TOT","PC_CHGPP","Q","2019-Q3",0.461170625,
"OECD","QGDP","TOT","PC_CHGPP","Q","2019-Q4",-0.005775116,
"OECD","QGDP","TOT","PC_CHGPP","Q","2020-Q1",-1.711141463,
"OECD","QGDP","TOT","PC_CHGPP","Q","2020-Q2",-10.449898055,
"OECD","QGDP","TOT","PC_CHGPP","Q","2020-Q3",9.430564039,
"OECD","QGDP","TOT","PC_CHGPP","Q","2020-Q4",1.018022799,
"OECD","QGDP","TOT","PC_CHGPP","Q","2021-Q1",0.773014905,
"OECD","QGDP","TOT","PC_CHGPP","Q","2021-Q2",1.713196183,
"OECD","QGDP","TOT","PC_CHGPP","Q","2021-Q3",1.121929838,
"OECD","QGDP","TOT","PC_CHGPP","Q","2021-Q4",1.2,
"CAN","QGDP","TOT","PC_CHGPP","Q","2003-Q3",0.373654347,
"CAN","QGDP","TOT","PC_CHGPP","Q","2003-Q4",0.689959181,
"CAN","QGDP","TOT","PC_CHGPP","Q","2004-Q1",0.720267587,
"CAN","QGDP","TOT","PC_CHGPP","Q","2004-Q2",1.187819015,
"CAN","QGDP","TOT","PC_CHGPP","Q","2004-Q3",1.180435577,
"CAN","QGDP","TOT","PC_CHGPP","Q","2004-Q4",0.718426544,
"CAN","QGDP","TOT","PC_CHGPP","Q","2005-Q1",0.346066595,
"CAN","QGDP","TOT","PC_CHGPP","Q","2005-Q2",0.725522707,
"CAN","QGDP","TOT","PC_CHGPP","Q","2005-Q3",1.211374835,
"CAN","QGDP","TOT","PC_CHGPP","Q","2005-Q4",0.988734322,
"CAN","QGDP","TOT","PC_CHGPP","Q","2006-Q1",0.810995411,
"CAN","QGDP","TOT","PC_CHGPP","Q","2006-Q2",0.051646385,
"CAN","QGDP","TOT","PC_CHGPP","Q","2006-Q3",0.279245485,
"CAN","QGDP","TOT","PC_CHGPP","Q","2006-Q4",0.398598242,
"CAN","QGDP","TOT","PC_CHGPP","Q","2007-Q1",0.639626644,
"CAN","QGDP","TOT","PC_CHGPP","Q","2007-Q2",0.968907263,
"CAN","QGDP","TOT","PC_CHGPP","Q","2007-Q3",0.419854575,
"CAN","QGDP","TOT","PC_CHGPP","Q","2007-Q4",0.113617046,
"CAN","QGDP","TOT","PC_CHGPP","Q","2008-Q1",0.076640567,
"CAN","QGDP","TOT","PC_CHGPP","Q","2008-Q2",0.361671897,
"CAN","QGDP","TOT","PC_CHGPP","Q","2008-Q3",0.820044012,
"CAN","QGDP","TOT","PC_CHGPP","Q","2008-Q4",-1.159518489,
"CAN","QGDP","TOT","PC_CHGPP","Q","2009-Q1",-2.259686183,
"CAN","QGDP","TOT","PC_CHGPP","Q","2009-Q2",-1.091258596,
"CAN","QGDP","TOT","PC_CHGPP","Q","2009-Q3",0.44993852,
"CAN","QGDP","TOT","PC_CHGPP","Q","2009-Q4",1.166157024,
"CAN","QGDP","TOT","PC_CHGPP","Q","2010-Q1",1.206341487,
"CAN","QGDP","TOT","PC_CHGPP","Q","2010-Q2",0.523260909,
"CAN","QGDP","TOT","PC_CHGPP","Q","2010-Q3",0.708694922,
"CAN","QGDP","TOT","PC_CHGPP","Q","2010-Q4",1.117505154,
"CAN","QGDP","TOT","PC_CHGPP","Q","2011-Q1",0.755347044,
"CAN","QGDP","TOT","PC_CHGPP","Q","2011-Q2",0.19480651,
"CAN","QGDP","TOT","PC_CHGPP","Q","2011-Q3",1.379639562,
"CAN","QGDP","TOT","PC_CHGPP","Q","2011-Q4",0.78751324,
"CAN","QGDP","TOT","PC_CHGPP","Q","2012-Q1",0.064087343,
"CAN","QGDP","TOT","PC_CHGPP","Q","2012-Q2",0.326163737,
"CAN","QGDP","TOT","PC_CHGPP","Q","2012-Q3",0.136217106,
"CAN","QGDP","TOT","PC_CHGPP","Q","2012-Q4",0.20678147,
"CAN","QGDP","TOT","PC_CHGPP","Q","2013-Q1",0.897004855,
"CAN","QGDP","TOT","PC_CHGPP","Q","2013-Q2",0.580357191,
"CAN","QGDP","TOT","PC_CHGPP","Q","2013-Q3",0.814973402,
"CAN","QGDP","TOT","PC_CHGPP","Q","2013-Q4",1.050559545,
"CAN","QGDP","TOT","PC_CHGPP","Q","2014-Q1",0.163447761,
"CAN","QGDP","TOT","PC_CHGPP","Q","2014-Q2",0.913329104,
"CAN","QGDP","TOT","PC_CHGPP","Q","2014-Q3",0.959051308,
"CAN","QGDP","TOT","PC_CHGPP","Q","2014-Q4",0.691975668,
"CAN","QGDP","TOT","PC_CHGPP","Q","2015-Q1",-0.549519408,
"CAN","QGDP","TOT","PC_CHGPP","Q","2015-Q2",-0.272172083,
"CAN","QGDP","TOT","PC_CHGPP","Q","2015-Q3",0.353701829,
"CAN","QGDP","TOT","PC_CHGPP","Q","2015-Q4",0.074877376,
"CAN","QGDP","TOT","PC_CHGPP","Q","2016-Q1",0.54850084,
"CAN","QGDP","TOT","PC_CHGPP","Q","2016-Q2",-0.491711724,
"CAN","QGDP","TOT","PC_CHGPP","Q","2016-Q3",1.031213682,
"CAN","QGDP","TOT","PC_CHGPP","Q","2016-Q4",0.561483087,
"CAN","QGDP","TOT","PC_CHGPP","Q","2017-Q1",1.08691958,
"CAN","QGDP","TOT","PC_CHGPP","Q","2017-Q2",1.023044213,
"CAN","QGDP","TOT","PC_CHGPP","Q","2017-Q3",0.421873021,
"CAN","QGDP","TOT","PC_CHGPP","Q","2017-Q4",0.517990679,
"CAN","QGDP","TOT","PC_CHGPP","Q","2018-Q1",0.875239281,
"CAN","QGDP","TOT","PC_CHGPP","Q","2018-Q2",0.785105341,
"CAN","QGDP","TOT","PC_CHGPP","Q","2018-Q3",0.690122507,
"CAN","QGDP","TOT","PC_CHGPP","Q","2018-Q4",0.340869542,
"CAN","QGDP","TOT","PC_CHGPP","Q","2019-Q1",0.090640853,
"CAN","QGDP","TOT","PC_CHGPP","Q","2019-Q2",0.990737829,
"CAN","QGDP","TOT","PC_CHGPP","Q","2019-Q3",0.326642811,
"CAN","QGDP","TOT","PC_CHGPP","Q","2019-Q4",0.300683754,
"CAN","QGDP","TOT","PC_CHGPP","Q","2020-Q1",-2.157302609,
"CAN","QGDP","TOT","PC_CHGPP","Q","2020-Q2",-11.042537245,
"CAN","QGDP","TOT","PC_CHGPP","Q","2020-Q3",8.983958377,
"CAN","QGDP","TOT","PC_CHGPP","Q","2020-Q4",2.192421261,
"CAN","QGDP","TOT","PC_CHGPP","Q","2021-Q1",1.204702201,
"CAN","QGDP","TOT","PC_CHGPP","Q","2021-Q2",-0.798903494,
"CAN","QGDP","TOT","PC_CHGPP","Q","2021-Q3",1.335114906,
"CAN","QGDP","TOT","PC_CHGPP","Q","2021-Q4",1.600008023,
"FIN","QGDP","TOT","PC_CHGPP","Q","2003-Q3",1.196162047,
"FIN","QGDP","TOT","PC_CHGPP","Q","2003-Q4",0.183308401,
"FIN","QGDP","TOT","PC_CHGPP","Q","2004-Q1",1.276604694,
"FIN","QGDP","TOT","PC_CHGPP","Q","2004-Q2",0.859723809,
"FIN","QGDP","TOT","PC_CHGPP","Q","2004-Q3",1.085054253,
"FIN","QGDP","TOT","PC_CHGPP","Q","2004-Q4",1.505214274,
"FIN","QGDP","TOT","PC_CHGPP","Q","2005-Q1",0.989264573,
"FIN","QGDP","TOT","PC_CHGPP","Q","2005-Q2",-1.196153235,
"FIN","QGDP","TOT","PC_CHGPP","Q","2005-Q3",1.447934682,
"FIN","QGDP","TOT","PC_CHGPP","Q","2005-Q4",0.28743607,
"FIN","QGDP","TOT","PC_CHGPP","Q","2006-Q1",2.494514835,
"FIN","QGDP","TOT","PC_CHGPP","Q","2006-Q2",0.244923148,
"FIN","QGDP","TOT","PC_CHGPP","Q","2006-Q3",0.950365525,
"FIN","QGDP","TOT","PC_CHGPP","Q","2006-Q4",0.785150741,
"FIN","QGDP","TOT","PC_CHGPP","Q","2007-Q1",1.932458496,
"FIN","QGDP","TOT","PC_CHGPP","Q","2007-Q2",1.797506864,
"FIN","QGDP","TOT","PC_CHGPP","Q","2007-Q3",0.918417552,
"FIN","QGDP","TOT","PC_CHGPP","Q","2007-Q4",1.319947274,
"FIN","QGDP","TOT","PC_CHGPP","Q","2008-Q1",-0.122968349,
"FIN","QGDP","TOT","PC_CHGPP","Q","2008-Q2",-0.802954874,
"FIN","QGDP","TOT","PC_CHGPP","Q","2008-Q3",0.345367222,
"FIN","QGDP","TOT","PC_CHGPP","Q","2008-Q4",-2.145738102,
"FIN","QGDP","TOT","PC_CHGPP","Q","2009-Q1",-6.477614128,
"FIN","QGDP","TOT","PC_CHGPP","Q","2009-Q2",-0.436809528,
"FIN","QGDP","TOT","PC_CHGPP","Q","2009-Q3",0.924668988,
"FIN","QGDP","TOT","PC_CHGPP","Q","2009-Q4",-0.771944872,
"FIN","QGDP","TOT","PC_CHGPP","Q","2010-Q1",1.001905585,
"FIN","QGDP","TOT","PC_CHGPP","Q","2010-Q2",2.761947367,
"FIN","QGDP","TOT","PC_CHGPP","Q","2010-Q3",-0.410728143,
"FIN","QGDP","TOT","PC_CHGPP","Q","2010-Q4",2.100121636,
"FIN","QGDP","TOT","PC_CHGPP","Q","2011-Q1",0.558440833,
"FIN","QGDP","TOT","PC_CHGPP","Q","2011-Q2",-0.174006405,
"FIN","QGDP","TOT","PC_CHGPP","Q","2011-Q3",0.122387672,
"FIN","QGDP","TOT","PC_CHGPP","Q","2011-Q4",0.027781379,
"FIN","QGDP","TOT","PC_CHGPP","Q","2012-Q1",-0.4369723,
"FIN","QGDP","TOT","PC_CHGPP","Q","2012-Q2",-1.058171539,
"FIN","QGDP","TOT","PC_CHGPP","Q","2012-Q3",-0.385316617,
"FIN","QGDP","TOT","PC_CHGPP","Q","2012-Q4",-0.07736141,
"FIN","QGDP","TOT","PC_CHGPP","Q","2013-Q1",-0.857299318,
"FIN","QGDP","TOT","PC_CHGPP","Q","2013-Q2",0.460926042,
"FIN","QGDP","TOT","PC_CHGPP","Q","2013-Q3",0.348848232,
"FIN","QGDP","TOT","PC_CHGPP","Q","2013-Q4",-0.179485726,
"FIN","QGDP","TOT","PC_CHGPP","Q","2014-Q1",-0.772230003,
"FIN","QGDP","TOT","PC_CHGPP","Q","2014-Q2",0.162133293,
"FIN","QGDP","TOT","PC_CHGPP","Q","2014-Q3",0.386585668,
"FIN","QGDP","TOT","PC_CHGPP","Q","2014-Q4",-0.239025686,
"FIN","QGDP","TOT","PC_CHGPP","Q","2015-Q1",-0.777743972,
"FIN","QGDP","TOT","PC_CHGPP","Q","2015-Q2",1.521684969,
"FIN","QGDP","TOT","PC_CHGPP","Q","2015-Q3",-0.009438771,
"FIN","QGDP","TOT","PC_CHGPP","Q","2015-Q4",0.560715904,
"FIN","QGDP","TOT","PC_CHGPP","Q","2016-Q1",1.233455365,
"FIN","QGDP","TOT","PC_CHGPP","Q","2016-Q2",0.155780572,
"FIN","QGDP","TOT","PC_CHGPP","Q","2016-Q3",1.129504129,
"FIN","QGDP","TOT","PC_CHGPP","Q","2016-Q4",0.307602168,
"FIN","QGDP","TOT","PC_CHGPP","Q","2017-Q1",0.985689252,
"FIN","QGDP","TOT","PC_CHGPP","Q","2017-Q2",1.276118863,
"FIN","QGDP","TOT","PC_CHGPP","Q","2017-Q3",0.415848653,
"FIN","QGDP","TOT","PC_CHGPP","Q","2017-Q4",0.691395766,
"FIN","QGDP","TOT","PC_CHGPP","Q","2018-Q1",0.188872414,
"FIN","QGDP","TOT","PC_CHGPP","Q","2018-Q2",-0.040522208,
"FIN","QGDP","TOT","PC_CHGPP","Q","2018-Q3",-0.179780034,
"FIN","QGDP","TOT","PC_CHGPP","Q","2018-Q4",0.114772045,
"FIN","QGDP","TOT","PC_CHGPP","Q","2019-Q1",0.735462707,
"FIN","QGDP","TOT","PC_CHGPP","Q","2019-Q2",0.801876882,
"FIN","QGDP","TOT","PC_CHGPP","Q","2019-Q3",-0.066002015,
"FIN","QGDP","TOT","PC_CHGPP","Q","2019-Q4",-0.290253059,
"FIN","QGDP","TOT","PC_CHGPP","Q","2020-Q1",-0.371280657,
"FIN","QGDP","TOT","PC_CHGPP","Q","2020-Q2",-6.400027994,
"FIN","QGDP","TOT","PC_CHGPP","Q","2020-Q3",4.74971027,
"FIN","QGDP","TOT","PC_CHGPP","Q","2020-Q4",0.7708917,
"FIN","QGDP","TOT","PC_CHGPP","Q","2021-Q1",0.285102088,
"FIN","QGDP","TOT","PC_CHGPP","Q","2021-Q2",2.037717192,
"FIN","QGDP","TOT","PC_CHGPP","Q","2021-Q3",0.79431004,
"FIN","QGDP","TOT","PC_CHGPP","Q","2021-Q4",0.607777492,"P"
"NLD","QGDP","TOT","PC_CHGPP","Q","2003-Q3",0.088712714,
"NLD","QGDP","TOT","PC_CHGPP","Q","2003-Q4",0.535395784,
"NLD","QGDP","TOT","PC_CHGPP","Q","2004-Q1",0.905236953,
"NLD","QGDP","TOT","PC_CHGPP","Q","2004-Q2",0.476796103,
"NLD","QGDP","TOT","PC_CHGPP","Q","2004-Q3",0.149388239,
"NLD","QGDP","TOT","PC_CHGPP","Q","2004-Q4",0.218014009,
"NLD","QGDP","TOT","PC_CHGPP","Q","2005-Q1",0.322858268,
"NLD","QGDP","TOT","PC_CHGPP","Q","2005-Q2",0.703469864,
"NLD","QGDP","TOT","PC_CHGPP","Q","2005-Q3",1.342952261,
"NLD","QGDP","TOT","PC_CHGPP","Q","2005-Q4",0.630550925,
"NLD","QGDP","TOT","PC_CHGPP","Q","2006-Q1",0.623937875,
"NLD","QGDP","TOT","PC_CHGPP","Q","2006-Q2",1.497031303,
"NLD","QGDP","TOT","PC_CHGPP","Q","2006-Q3",0.598152747,
"NLD","QGDP","TOT","PC_CHGPP","Q","2006-Q4",0.824500468,
"NLD","QGDP","TOT","PC_CHGPP","Q","2007-Q1",1.145697378,
"NLD","QGDP","TOT","PC_CHGPP","Q","2007-Q2",0.511646773,
"NLD","QGDP","TOT","PC_CHGPP","Q","2007-Q3",1.117501908,
"NLD","QGDP","TOT","PC_CHGPP","Q","2007-Q4",1.353023647,
"NLD","QGDP","TOT","PC_CHGPP","Q","2008-Q1",0.327531403,
"NLD","QGDP","TOT","PC_CHGPP","Q","2008-Q2",0.492586831,
"NLD","QGDP","TOT","PC_CHGPP","Q","2008-Q3",-0.122148031,
"NLD","QGDP","TOT","PC_CHGPP","Q","2008-Q4",-0.659940783,
"NLD","QGDP","TOT","PC_CHGPP","Q","2009-Q1",-3.593640793,
"NLD","QGDP","TOT","PC_CHGPP","Q","2009-Q2",0.002508579,
"NLD","QGDP","TOT","PC_CHGPP","Q","2009-Q3",0.400707908,
"NLD","QGDP","TOT","PC_CHGPP","Q","2009-Q4",0.602328461,
"NLD","QGDP","TOT","PC_CHGPP","Q","2010-Q1",-0.188470022,
"NLD","QGDP","TOT","PC_CHGPP","Q","2010-Q2",0.438663663,
"NLD","QGDP","TOT","PC_CHGPP","Q","2010-Q3",0.441623993,
"NLD","QGDP","TOT","PC_CHGPP","Q","2010-Q4",1.12734149,
"NLD","QGDP","TOT","PC_CHGPP","Q","2011-Q1",0.577859644,
"NLD","QGDP","TOT","PC_CHGPP","Q","2011-Q2",-0.089510835,
"NLD","QGDP","TOT","PC_CHGPP","Q","2011-Q3",0.000473588,
"NLD","QGDP","TOT","PC_CHGPP","Q","2011-Q4",-0.602987269,
"NLD","QGDP","TOT","PC_CHGPP","Q","2012-Q1",-0.209129697,
"NLD","QGDP","TOT","PC_CHGPP","Q","2012-Q2",0.051637012,
"NLD","QGDP","TOT","PC_CHGPP","Q","2012-Q3",-0.428654716,
"NLD","QGDP","TOT","PC_CHGPP","Q","2012-Q4",-0.700038892,
"NLD","QGDP","TOT","PC_CHGPP","Q","2013-Q1",0.32313017,
"NLD","QGDP","TOT","PC_CHGPP","Q","2013-Q2",-0.181166268,
"NLD","QGDP","TOT","PC_CHGPP","Q","2013-Q3",0.60299549,
"NLD","QGDP","TOT","PC_CHGPP","Q","2013-Q4",0.635012365,
"NLD","QGDP","TOT","PC_CHGPP","Q","2014-Q1",-0.094722218,
"NLD","QGDP","TOT","PC_CHGPP","Q","2014-Q2",0.585251919,
"NLD","QGDP","TOT","PC_CHGPP","Q","2014-Q3",0.249815431,
"NLD","QGDP","TOT","PC_CHGPP","Q","2014-Q4",0.89585285,
"NLD","QGDP","TOT","PC_CHGPP","Q","2015-Q1",0.595739713,
"NLD","QGDP","TOT","PC_CHGPP","Q","2015-Q2",0.308836534,
"NLD","QGDP","TOT","PC_CHGPP","Q","2015-Q3",0.342951926,
"NLD","QGDP","TOT","PC_CHGPP","Q","2015-Q4",0.015287607,
"NLD","QGDP","TOT","PC_CHGPP","Q","2016-Q1",0.920561776,
"NLD","QGDP","TOT","PC_CHGPP","Q","2016-Q2",0.235264675,
"NLD","QGDP","TOT","PC_CHGPP","Q","2016-Q3",1.117384561,
"NLD","QGDP","TOT","PC_CHGPP","Q","2016-Q4",0.837419365,
"NLD","QGDP","TOT","PC_CHGPP","Q","2017-Q1",0.517378019,
"NLD","QGDP","TOT","PC_CHGPP","Q","2017-Q2",0.879067573,
"NLD","QGDP","TOT","PC_CHGPP","Q","2017-Q3",0.727407217,
"NLD","QGDP","TOT","PC_CHGPP","Q","2017-Q4",0.781731938,
"NLD","QGDP","TOT","PC_CHGPP","Q","2018-Q1",0.398971748,
"NLD","QGDP","TOT","PC_CHGPP","Q","2018-Q2",0.626005158,
"NLD","QGDP","TOT","PC_CHGPP","Q","2018-Q3",0.287020645,
"NLD","QGDP","TOT","PC_CHGPP","Q","2018-Q4",0.483386704,
"NLD","QGDP","TOT","PC_CHGPP","Q","2019-Q1",0.610960228,"P"
"NLD","QGDP","TOT","PC_CHGPP","Q","2019-Q2",0.417040291,"P"
"NLD","QGDP","TOT","PC_CHGPP","Q","2019-Q3",0.36447798,"P"
"NLD","QGDP","TOT","PC_CHGPP","Q","2019-Q4",0.504342086,"P"
"NLD","QGDP","TOT","PC_CHGPP","Q","2020-Q1",-1.643390807,"P"
"NLD","QGDP","TOT","PC_CHGPP","Q","2020-Q2",-8.375905344,"P"
"NLD","QGDP","TOT","PC_CHGPP","Q","2020-Q3",7.505689788,"P"
"NLD","QGDP","TOT","PC_CHGPP","Q","2020-Q4",0.000280038,"P"
"NLD","QGDP","TOT","PC_CHGPP","Q","2021-Q1",-0.776681777,"P"
"NLD","QGDP","TOT","PC_CHGPP","Q","2021-Q2",3.757366824,"P"
"NLD","QGDP","TOT","PC_CHGPP","Q","2021-Q3",2.106482186,"P"
"NLD","QGDP","TOT","PC_CHGPP","Q","2021-Q4",0.927153127,"P"
"USA","QGDP","TOT","PC_CHGPP","Q","2003-Q3",1.66689627,
"USA","QGDP","TOT","PC_CHGPP","Q","2003-Q4",1.154045728,
"USA","QGDP","TOT","PC_CHGPP","Q","2004-Q1",0.572916486,
"USA","QGDP","TOT","PC_CHGPP","Q","2004-Q2",0.778738758,
"USA","QGDP","TOT","PC_CHGPP","Q","2004-Q3",0.941247225,
"USA","QGDP","TOT","PC_CHGPP","Q","2004-Q4",1.022027369,
"USA","QGDP","TOT","PC_CHGPP","Q","2005-Q1",1.110882508,
"USA","QGDP","TOT","PC_CHGPP","Q","2005-Q2",0.486604478,
"USA","QGDP","TOT","PC_CHGPP","Q","2005-Q3",0.78562198,
"USA","QGDP","TOT","PC_CHGPP","Q","2005-Q4",0.567928238,
"USA","QGDP","TOT","PC_CHGPP","Q","2006-Q1",1.34866612,
"USA","QGDP","TOT","PC_CHGPP","Q","2006-Q2",0.245583731,
"USA","QGDP","TOT","PC_CHGPP","Q","2006-Q3",0.150456188,
"USA","QGDP","TOT","PC_CHGPP","Q","2006-Q4",0.843711696,
"USA","QGDP","TOT","PC_CHGPP","Q","2007-Q1",0.293598861,
"USA","QGDP","TOT","PC_CHGPP","Q","2007-Q2",0.63843453,
"USA","QGDP","TOT","PC_CHGPP","Q","2007-Q3",0.602306657,
"USA","QGDP","TOT","PC_CHGPP","Q","2007-Q4",0.609644003,
"USA","QGDP","TOT","PC_CHGPP","Q","2008-Q1",-0.407429474,
"USA","QGDP","TOT","PC_CHGPP","Q","2008-Q2",0.572295345,
"USA","QGDP","TOT","PC_CHGPP","Q","2008-Q3",-0.526892902,
"USA","QGDP","TOT","PC_CHGPP","Q","2008-Q4",-2.183097148,
"USA","QGDP","TOT","PC_CHGPP","Q","2009-Q1",-1.165722531,
"USA","QGDP","TOT","PC_CHGPP","Q","2009-Q2",-0.169238139,
"USA","QGDP","TOT","PC_CHGPP","Q","2009-Q3",0.361929991,
"USA","QGDP","TOT","PC_CHGPP","Q","2009-Q4",1.06796195,
"USA","QGDP","TOT","PC_CHGPP","Q","2010-Q1",0.500053481,
"USA","QGDP","TOT","PC_CHGPP","Q","2010-Q2",0.967704639,
"USA","QGDP","TOT","PC_CHGPP","Q","2010-Q3",0.77314415,
"USA","QGDP","TOT","PC_CHGPP","Q","2010-Q4",0.519595159,
"USA","QGDP","TOT","PC_CHGPP","Q","2011-Q1",-0.240916068,
"USA","QGDP","TOT","PC_CHGPP","Q","2011-Q2",0.678050751,
"USA","QGDP","TOT","PC_CHGPP","Q","2011-Q3",-0.038767163,
"USA","QGDP","TOT","PC_CHGPP","Q","2011-Q4",1.121678183,
"USA","QGDP","TOT","PC_CHGPP","Q","2012-Q1",0.817922845,
"USA","QGDP","TOT","PC_CHGPP","Q","2012-Q2",0.455859987,
"USA","QGDP","TOT","PC_CHGPP","Q","2012-Q3",0.174882978,
"USA","QGDP","TOT","PC_CHGPP","Q","2012-Q4",0.109838067,
"USA","QGDP","TOT","PC_CHGPP","Q","2013-Q1",0.867789548,
"USA","QGDP","TOT","PC_CHGPP","Q","2013-Q2",0.13938522,
"USA","QGDP","TOT","PC_CHGPP","Q","2013-Q3",0.791653411,
"USA","QGDP","TOT","PC_CHGPP","Q","2013-Q4",0.711171002,
"USA","QGDP","TOT","PC_CHGPP","Q","2014-Q1",-0.350109737,
"USA","QGDP","TOT","PC_CHGPP","Q","2014-Q2",1.284128907,
"USA","QGDP","TOT","PC_CHGPP","Q","2014-Q3",1.164961644,
"USA","QGDP","TOT","PC_CHGPP","Q","2014-Q4",0.448993402,
"USA","QGDP","TOT","PC_CHGPP","Q","2015-Q1",0.813313626,
"USA","QGDP","TOT","PC_CHGPP","Q","2015-Q2",0.580001432,
"USA","QGDP","TOT","PC_CHGPP","Q","2015-Q3",0.323372673,
"USA","QGDP","TOT","PC_CHGPP","Q","2015-Q4",0.146234347,
"USA","QGDP","TOT","PC_CHGPP","Q","2016-Q1",0.589179869,
"USA","QGDP","TOT","PC_CHGPP","Q","2016-Q2",0.302388807,
"USA","QGDP","TOT","PC_CHGPP","Q","2016-Q3",0.601115379,
"USA","QGDP","TOT","PC_CHGPP","Q","2016-Q4",0.496888796,
"USA","QGDP","TOT","PC_CHGPP","Q","2017-Q1",0.471931042,
"USA","QGDP","TOT","PC_CHGPP","Q","2017-Q2",0.559764823,
"USA","QGDP","TOT","PC_CHGPP","Q","2017-Q3",0.719149991,
"USA","QGDP","TOT","PC_CHGPP","Q","2017-Q4",0.940399838,
"USA","QGDP","TOT","PC_CHGPP","Q","2018-Q1",0.762854036,
"USA","QGDP","TOT","PC_CHGPP","Q","2018-Q2",0.833910909,
"USA","QGDP","TOT","PC_CHGPP","Q","2018-Q3",0.481952559,
"USA","QGDP","TOT","PC_CHGPP","Q","2018-Q4",0.223141835,
"USA","QGDP","TOT","PC_CHGPP","Q","2019-Q1",0.59779029,
"USA","QGDP","TOT","PC_CHGPP","Q","2019-Q2",0.792924408,
"USA","QGDP","TOT","PC_CHGPP","Q","2019-Q3",0.685498791,
"USA","QGDP","TOT","PC_CHGPP","Q","2019-Q4",0.469097618,
"USA","QGDP","TOT","PC_CHGPP","Q","2020-Q1",-1.303582746,
"USA","QGDP","TOT","PC_CHGPP","Q","2020-Q2",-8.937250501,
"USA","QGDP","TOT","PC_CHGPP","Q","2020-Q3",7.547534636,
"USA","QGDP","TOT","PC_CHGPP","Q","2020-Q4",1.115276766,
"USA","QGDP","TOT","PC_CHGPP","Q","2021-Q1",1.533889627,
"USA","QGDP","TOT","PC_CHGPP","Q","2021-Q2",1.64074654,
"USA","QGDP","TOT","PC_CHGPP","Q","2021-Q3",0.570948111,
"USA","QGDP","TOT","PC_CHGPP","Q","2021-Q4",1.679094392,
"BEL","QGDP","TOT","PC_CHGPP","Q","2003-Q3",0.408990765,
"BEL","QGDP","TOT","PC_CHGPP","Q","2003-Q4",0.695603459,
"BEL","QGDP","TOT","PC_CHGPP","Q","2004-Q1",1.498661289,
"BEL","QGDP","TOT","PC_CHGPP","Q","2004-Q2",0.961516501,
"BEL","QGDP","TOT","PC_CHGPP","Q","2004-Q3",0.872053567,
"BEL","QGDP","TOT","PC_CHGPP","Q","2004-Q4",0.356570198,
"BEL","QGDP","TOT","PC_CHGPP","Q","2005-Q1",0.526251103,
"BEL","QGDP","TOT","PC_CHGPP","Q","2005-Q2",0.599075268,
"BEL","QGDP","TOT","PC_CHGPP","Q","2005-Q3",0.395532035,
"BEL","QGDP","TOT","PC_CHGPP","Q","2005-Q4",0.767038264,
"BEL","QGDP","TOT","PC_CHGPP","Q","2006-Q1",0.614857043,
"BEL","QGDP","TOT","PC_CHGPP","Q","2006-Q2",0.354937099,
"BEL","QGDP","TOT","PC_CHGPP","Q","2006-Q3",0.880418794,
"BEL","QGDP","TOT","PC_CHGPP","Q","2006-Q4",1.135413316,
"BEL","QGDP","TOT","PC_CHGPP","Q","2007-Q1",1.417379597,
"BEL","QGDP","TOT","PC_CHGPP","Q","2007-Q2",0.456797608,
"BEL","QGDP","TOT","PC_CHGPP","Q","2007-Q3",0.77208828,
"BEL","QGDP","TOT","PC_CHGPP","Q","2007-Q4",0.405803087,
"BEL","QGDP","TOT","PC_CHGPP","Q","2008-Q1",0.431929904,
"BEL","QGDP","TOT","PC_CHGPP","Q","2008-Q2",0.063486862,
"BEL","QGDP","TOT","PC_CHGPP","Q","2008-Q3",-0.584322554,
"BEL","QGDP","TOT","PC_CHGPP","Q","2008-Q4",-2.168833441,
"BEL","QGDP","TOT","PC_CHGPP","Q","2009-Q1",-0.97325393,
"BEL","QGDP","TOT","PC_CHGPP","Q","2009-Q2",0.047812829,
"BEL","QGDP","TOT","PC_CHGPP","Q","2009-Q3",1.263779444,
"BEL","QGDP","TOT","PC_CHGPP","Q","2009-Q4",0.802290461,
"BEL","QGDP","TOT","PC_CHGPP","Q","2010-Q1",0.518118543,
"BEL","QGDP","TOT","PC_CHGPP","Q","2010-Q2",0.985354241,
"BEL","QGDP","TOT","PC_CHGPP","Q","2010-Q3",0.417149241,
"BEL","QGDP","TOT","PC_CHGPP","Q","2010-Q4",0.505236083,
"BEL","QGDP","TOT","PC_CHGPP","Q","2011-Q1",0.481369771,
"BEL","QGDP","TOT","PC_CHGPP","Q","2011-Q2",0.207189998,
"BEL","QGDP","TOT","PC_CHGPP","Q","2011-Q3",0.286440473,
"BEL","QGDP","TOT","PC_CHGPP","Q","2011-Q4",0.29165661,
"BEL","QGDP","TOT","PC_CHGPP","Q","2012-Q1",0.214596578,
"BEL","QGDP","TOT","PC_CHGPP","Q","2012-Q2",-0.00100064,
"BEL","QGDP","TOT","PC_CHGPP","Q","2012-Q3",0.243158053,
"BEL","QGDP","TOT","PC_CHGPP","Q","2012-Q4",-0.045918265,
"BEL","QGDP","TOT","PC_CHGPP","Q","2013-Q1",-0.274637479,
"BEL","QGDP","TOT","PC_CHGPP","Q","2013-Q2",0.583834884,
"BEL","QGDP","TOT","PC_CHGPP","Q","2013-Q3",0.309637595,
"BEL","QGDP","TOT","PC_CHGPP","Q","2013-Q4",0.218360116,
"BEL","QGDP","TOT","PC_CHGPP","Q","2014-Q1",0.429826386,
"BEL","QGDP","TOT","PC_CHGPP","Q","2014-Q2",0.265272916,
"BEL","QGDP","TOT","PC_CHGPP","Q","2014-Q3",0.690442001,
"BEL","QGDP","TOT","PC_CHGPP","Q","2014-Q4",0.522583418,
"BEL","QGDP","TOT","PC_CHGPP","Q","2015-Q1",0.519866681,
"BEL","QGDP","TOT","PC_CHGPP","Q","2015-Q2",0.671848114,
"BEL","QGDP","TOT","PC_CHGPP","Q","2015-Q3",0.191087084,
"BEL","QGDP","TOT","PC_CHGPP","Q","2015-Q4",0.416906268,
"BEL","QGDP","TOT","PC_CHGPP","Q","2016-Q1",0.057265569,
"BEL","QGDP","TOT","PC_CHGPP","Q","2016-Q2",0.549434826,
"BEL","QGDP","TOT","PC_CHGPP","Q","2016-Q3",0.175503505,
"BEL","QGDP","TOT","PC_CHGPP","Q","2016-Q4",0.513277018,
"BEL","QGDP","TOT","PC_CHGPP","Q","2017-Q1",0.651981383,
"BEL","QGDP","TOT","PC_CHGPP","Q","2017-Q2",0.241505195,
"BEL","QGDP","TOT","PC_CHGPP","Q","2017-Q3",-0.06443299,
"BEL","QGDP","TOT","PC_CHGPP","Q","2017-Q4",0.801726796,
"BEL","QGDP","TOT","PC_CHGPP","Q","2018-Q1",0.398602112,
"BEL","QGDP","TOT","PC_CHGPP","Q","2018-Q2",0.457957473,
"BEL","QGDP","TOT","PC_CHGPP","Q","2018-Q3",0.385099676,
"BEL","QGDP","TOT","PC_CHGPP","Q","2018-Q4",0.970500449,
"BEL","QGDP","TOT","PC_CHGPP","Q","2019-Q1",0.258428393,
"BEL","QGDP","TOT","PC_CHGPP","Q","2019-Q2",0.445883491,
"BEL","QGDP","TOT","PC_CHGPP","Q","2019-Q3",0.685215199,
"BEL","QGDP","TOT","PC_CHGPP","Q","2019-Q4",0.653723361,
"BEL","QGDP","TOT","PC_CHGPP","Q","2020-Q1",-3.138105054,"P"
"BEL","QGDP","TOT","PC_CHGPP","Q","2020-Q2",-11.63914878,"P"
"BEL","QGDP","TOT","PC_CHGPP","Q","2020-Q3",11.882986785,"P"
"BEL","QGDP","TOT","PC_CHGPP","Q","2020-Q4",-0.138247138,"P"
"BEL","QGDP","TOT","PC_CHGPP","Q","2021-Q1",1.243159372,"P"
"BEL","QGDP","TOT","PC_CHGPP","Q","2021-Q2",1.728963815,"P"
"BEL","QGDP","TOT","PC_CHGPP","Q","2021-Q3",2.039674879,"P"
"BEL","QGDP","TOT","PC_CHGPP","Q","2021-Q4",0.504809392,"P"
"TUR","QGDP","TOT","PC_CHGPP","Q","2003-Q3",2.851212403,
"TUR","QGDP","TOT","PC_CHGPP","Q","2003-Q4",3.023013077,
"TUR","QGDP","TOT","PC_CHGPP","Q","2004-Q1",2.754282995,
"TUR","QGDP","TOT","PC_CHGPP","Q","2004-Q2",2.328300885,
"TUR","QGDP","TOT","PC_CHGPP","Q","2004-Q3",1.127730536,
"TUR","QGDP","TOT","PC_CHGPP","Q","2004-Q4",1.622484668,
"TUR","QGDP","TOT","PC_CHGPP","Q","2005-Q1",4.609951611,
"TUR","QGDP","TOT","PC_CHGPP","Q","2005-Q2",0.422159476,
"TUR","QGDP","TOT","PC_CHGPP","Q","2005-Q3",1.41197126,
"TUR","QGDP","TOT","PC_CHGPP","Q","2005-Q4",3.306804141,
"TUR","QGDP","TOT","PC_CHGPP","Q","2006-Q1",1.14513327,
"TUR","QGDP","TOT","PC_CHGPP","Q","2006-Q2",3.046122099,
"TUR","QGDP","TOT","PC_CHGPP","Q","2006-Q3",-0.753486109,
"TUR","QGDP","TOT","PC_CHGPP","Q","2006-Q4",2.258713045,
"TUR","QGDP","TOT","PC_CHGPP","Q","2007-Q1",1.823080444,
"TUR","QGDP","TOT","PC_CHGPP","Q","2007-Q2",0.030535506,
"TUR","QGDP","TOT","PC_CHGPP","Q","2007-Q3",0.586394599,
"TUR","QGDP","TOT","PC_CHGPP","Q","2007-Q4",3.432599138,
"TUR","QGDP","TOT","PC_CHGPP","Q","2008-Q1",2.106492108,
"TUR","QGDP","TOT","PC_CHGPP","Q","2008-Q2",-3.548598571,
"TUR","QGDP","TOT","PC_CHGPP","Q","2008-Q3",-1.816869974,
"TUR","QGDP","TOT","PC_CHGPP","Q","2008-Q4",-2.540031551,
"TUR","QGDP","TOT","PC_CHGPP","Q","2009-Q1",-5.664019566,
"TUR","QGDP","TOT","PC_CHGPP","Q","2009-Q2",4.006998137,
"TUR","QGDP","TOT","PC_CHGPP","Q","2009-Q3",2.395761074,
"TUR","QGDP","TOT","PC_CHGPP","Q","2009-Q4",1.952357185,
"TUR","QGDP","TOT","PC_CHGPP","Q","2010-Q1",-0.294994982,
"TUR","QGDP","TOT","PC_CHGPP","Q","2010-Q2",3.800709327,
"TUR","QGDP","TOT","PC_CHGPP","Q","2010-Q3",2.770701784,
"TUR","QGDP","TOT","PC_CHGPP","Q","2010-Q4",3.023189403,
"TUR","QGDP","TOT","PC_CHGPP","Q","2011-Q1",2.253858177,
"TUR","QGDP","TOT","PC_CHGPP","Q","2011-Q2",2.747690817,
"TUR","QGDP","TOT","PC_CHGPP","Q","2011-Q3",2.658843122,
"TUR","QGDP","TOT","PC_CHGPP","Q","2011-Q4",1.357311969,
"TUR","QGDP","TOT","PC_CHGPP","Q","2012-Q1",-0.889773757,
"TUR","QGDP","TOT","PC_CHGPP","Q","2012-Q2",1.727526866,
"TUR","QGDP","TOT","PC_CHGPP","Q","2012-Q3",1.764793881,
"TUR","QGDP","TOT","PC_CHGPP","Q","2012-Q4",1.602891829,
"TUR","QGDP","TOT","PC_CHGPP","Q","2013-Q1",2.92988564,
"TUR","QGDP","TOT","PC_CHGPP","Q","2013-Q2",2.935776113,
"TUR","QGDP","TOT","PC_CHGPP","Q","2013-Q3",1.465976155,
"TUR","QGDP","TOT","PC_CHGPP","Q","2013-Q4",0.193829518,
"TUR","QGDP","TOT","PC_CHGPP","Q","2014-Q1",2.901075638,
"TUR","QGDP","TOT","PC_CHGPP","Q","2014-Q2",-1.62240622,
"TUR","QGDP","TOT","PC_CHGPP","Q","2014-Q3",2.458184399,
"TUR","QGDP","TOT","PC_CHGPP","Q","2014-Q4",1.347559385,
"TUR","QGDP","TOT","PC_CHGPP","Q","2015-Q1",1.890749754,
"TUR","QGDP","TOT","PC_CHGPP","Q","2015-Q2",1.523769405,
"TUR","QGDP","TOT","PC_CHGPP","Q","2015-Q3",1.401513902,
"TUR","QGDP","TOT","PC_CHGPP","Q","2015-Q4",1.166866867,
"TUR","QGDP","TOT","PC_CHGPP","Q","2016-Q1",0.361537968,
"TUR","QGDP","TOT","PC_CHGPP","Q","2016-Q2",1.430886402,
"TUR","QGDP","TOT","PC_CHGPP","Q","2016-Q3",-2.867673426,
"TUR","QGDP","TOT","PC_CHGPP","Q","2016-Q4",5.509611596,
"TUR","QGDP","TOT","PC_CHGPP","Q","2017-Q1",1.368865306,
"TUR","QGDP","TOT","PC_CHGPP","Q","2017-Q2",2.28031882,
"TUR","QGDP","TOT","PC_CHGPP","Q","2017-Q3",1.515918521,
"TUR","QGDP","TOT","PC_CHGPP","Q","2017-Q4",1.882761165,
"TUR","QGDP","TOT","PC_CHGPP","Q","2018-Q1",1.491462538,
"TUR","QGDP","TOT","PC_CHGPP","Q","2018-Q2",0.508445895,
"TUR","QGDP","TOT","PC_CHGPP","Q","2018-Q3",-1.590548448,
"TUR","QGDP","TOT","PC_CHGPP","Q","2018-Q4",-2.989464596,
"TUR","QGDP","TOT","PC_CHGPP","Q","2019-Q1",1.785917694,
"TUR","QGDP","TOT","PC_CHGPP","Q","2019-Q2",2.379951147,
"TUR","QGDP","TOT","PC_CHGPP","Q","2019-Q3",0.050625441,
"TUR","QGDP","TOT","PC_CHGPP","Q","2019-Q4",1.364629963,
"TUR","QGDP","TOT","PC_CHGPP","Q","2020-Q1",0.446242923,
"TUR","QGDP","TOT","PC_CHGPP","Q","2020-Q2",-10.769850757,
"TUR","QGDP","TOT","PC_CHGPP","Q","2020-Q3",16.400501819,
"TUR","QGDP","TOT","PC_CHGPP","Q","2020-Q4",1.202524785,
"TUR","QGDP","TOT","PC_CHGPP","Q","2021-Q1",2.428416455,
"TUR","QGDP","TOT","PC_CHGPP","Q","2021-Q2",1.501480423,
"TUR","QGDP","TOT","PC_CHGPP","Q","2021-Q3",2.709424091,
"IND","QGDP","TOT","PC_CHGPP","Q","2003-Q3",2.63211,
"IND","QGDP","TOT","PC_CHGPP","Q","2003-Q4",3.28321,
"IND","QGDP","TOT","PC_CHGPP","Q","2004-Q1",0.36449,
"IND","QGDP","TOT","PC_CHGPP","Q","2004-Q2",2.37817,
"IND","QGDP","TOT","PC_CHGPP","Q","2004-Q3",2.39764,
"IND","QGDP","TOT","PC_CHGPP","Q","2004-Q4",1.93661,
"IND","QGDP","TOT","PC_CHGPP","Q","2005-Q1",1.75097,
"IND","QGDP","TOT","PC_CHGPP","Q","2005-Q2",3.1669,
"IND","QGDP","TOT","PC_CHGPP","Q","2005-Q3",1.39142,
"IND","QGDP","TOT","PC_CHGPP","Q","2005-Q4",2.52791,
"IND","QGDP","TOT","PC_CHGPP","Q","2006-Q1",2.50557,
"IND","QGDP","TOT","PC_CHGPP","Q","2006-Q2",1.43638,
"IND","QGDP","TOT","PC_CHGPP","Q","2006-Q3",3.303,
"IND","QGDP","TOT","PC_CHGPP","Q","2006-Q4",1.71129,
"IND","QGDP","TOT","PC_CHGPP","Q","2007-Q1",2.7934,
"IND","QGDP","TOT","PC_CHGPP","Q","2007-Q2",2.52015,
"IND","QGDP","TOT","PC_CHGPP","Q","2007-Q3",1.79448,
"IND","QGDP","TOT","PC_CHGPP","Q","2007-Q4",3.37688,
"IND","QGDP","TOT","PC_CHGPP","Q","2008-Q1",0.6059,
"IND","QGDP","TOT","PC_CHGPP","Q","2008-Q2",1.04386,
"IND","QGDP","TOT","PC_CHGPP","Q","2008-Q3",0.87024,
"IND","QGDP","TOT","PC_CHGPP","Q","2008-Q4",0.12257,
"IND","QGDP","TOT","PC_CHGPP","Q","2009-Q1",-1.84614,
"IND","QGDP","TOT","PC_CHGPP","Q","2009-Q2",5.80366,
"IND","QGDP","TOT","PC_CHGPP","Q","2009-Q3",2.55388,
"IND","QGDP","TOT","PC_CHGPP","Q","2009-Q4",2.12673,
"IND","QGDP","TOT","PC_CHGPP","Q","2010-Q1",2.60018,
"IND","QGDP","TOT","PC_CHGPP","Q","2010-Q2",2.40256,
"IND","QGDP","TOT","PC_CHGPP","Q","2010-Q3",2.95598,
"IND","QGDP","TOT","PC_CHGPP","Q","2010-Q4",2.32107,
"IND","QGDP","TOT","PC_CHGPP","Q","2011-Q1",1.83064,
"IND","QGDP","TOT","PC_CHGPP","Q","2011-Q2",1.21165,
"IND","QGDP","TOT","PC_CHGPP","Q","2011-Q3",-0.00385,
"IND","QGDP","TOT","PC_CHGPP","Q","2011-Q4",1.62889,
"IND","QGDP","TOT","PC_CHGPP","Q","2012-Q1",1.38078,
"IND","QGDP","TOT","PC_CHGPP","Q","2012-Q2",1.15795,
"IND","QGDP","TOT","PC_CHGPP","Q","2012-Q3",1.794,
"IND","QGDP","TOT","PC_CHGPP","Q","2012-Q4",1.18687,
"IND","QGDP","TOT","PC_CHGPP","Q","2013-Q1",1.59874,
"IND","QGDP","TOT","PC_CHGPP","Q","2013-Q2",1.40382,
"IND","QGDP","TOT","PC_CHGPP","Q","2013-Q3",1.60112,
"IND","QGDP","TOT","PC_CHGPP","Q","2013-Q4",2.20112,
"IND","QGDP","TOT","PC_CHGPP","Q","2014-Q1",1.15901,
"IND","QGDP","TOT","PC_CHGPP","Q","2014-Q2",2.28965,
"IND","QGDP","TOT","PC_CHGPP","Q","2014-Q3",1.8258,
"IND","QGDP","TOT","PC_CHGPP","Q","2014-Q4",1.53397,
"IND","QGDP","TOT","PC_CHGPP","Q","2015-Q1",1.68431,
"IND","QGDP","TOT","PC_CHGPP","Q","2015-Q2",2.14178,
"IND","QGDP","TOT","PC_CHGPP","Q","2015-Q3",1.84622,
"IND","QGDP","TOT","PC_CHGPP","Q","2015-Q4",2.03248,
"IND","QGDP","TOT","PC_CHGPP","Q","2016-Q1",2.90232,
"IND","QGDP","TOT","PC_CHGPP","Q","2016-Q2",1.78078,
"IND","QGDP","TOT","PC_CHGPP","Q","2016-Q3",2.29133,
"IND","QGDP","TOT","PC_CHGPP","Q","2016-Q4",1.3635,
"IND","QGDP","TOT","PC_CHGPP","Q","2017-Q1",0.8019,
"IND","QGDP","TOT","PC_CHGPP","Q","2017-Q2",2.0471,
"IND","QGDP","TOT","PC_CHGPP","Q","2017-Q3",1.66081,
"IND","QGDP","TOT","PC_CHGPP","Q","2017-Q4",1.87259,
"IND","QGDP","TOT","PC_CHGPP","Q","2018-Q1",2.16028,
"IND","QGDP","TOT","PC_CHGPP","Q","2018-Q2",1.30956,
"IND","QGDP","TOT","PC_CHGPP","Q","2018-Q3",1.40565,
"IND","QGDP","TOT","PC_CHGPP","Q","2018-Q4",1.56202,
"IND","QGDP","TOT","PC_CHGPP","Q","2019-Q1",1.10015,
"IND","QGDP","TOT","PC_CHGPP","Q","2019-Q2",1.09663,
"IND","QGDP","TOT","PC_CHGPP","Q","2019-Q3",0.90235,
"IND","QGDP","TOT","PC_CHGPP","Q","2019-Q4",0.42794,
"IND","QGDP","TOT","PC_CHGPP","Q","2020-Q1",0.19849,
"IND","QGDP","TOT","PC_CHGPP","Q","2020-Q2",-25.33246,
"IND","QGDP","TOT","PC_CHGPP","Q","2020-Q3",24.05909,
"IND","QGDP","TOT","PC_CHGPP","Q","2020-Q4",8.57818,
"IND","QGDP","TOT","PC_CHGPP","Q","2021-Q1",0.37114,
"IND","QGDP","TOT","PC_CHGPP","Q","2021-Q2",-11.61151,
"IND","QGDP","TOT","PC_CHGPP","Q","2021-Q3",12.6866,
"DEU","QGDP","TOT","PC_CHGPP","Q","2003-Q3",0.765875935,
"DEU","QGDP","TOT","PC_CHGPP","Q","2003-Q4",0.26894256,
"DEU","QGDP","TOT","PC_CHGPP","Q","2004-Q1",-0.171994531,
"DEU","QGDP","TOT","PC_CHGPP","Q","2004-Q2",0.502329716,
"DEU","QGDP","TOT","PC_CHGPP","Q","2004-Q3",-0.185975188,
"DEU","QGDP","TOT","PC_CHGPP","Q","2004-Q4",-0.104814134,
"DEU","QGDP","TOT","PC_CHGPP","Q","2005-Q1",0.002889219,
"DEU","QGDP","TOT","PC_CHGPP","Q","2005-Q2",0.524597684,
"DEU","QGDP","TOT","PC_CHGPP","Q","2005-Q3",0.858172363,
"DEU","QGDP","TOT","PC_CHGPP","Q","2005-Q4",0.47142782,
"DEU","QGDP","TOT","PC_CHGPP","Q","2006-Q1",0.967042019,
"DEU","QGDP","TOT","PC_CHGPP","Q","2006-Q2",1.722767803,
"DEU","QGDP","TOT","PC_CHGPP","Q","2006-Q3",0.768805833,
"DEU","QGDP","TOT","PC_CHGPP","Q","2006-Q4",1.514812212,
"DEU","QGDP","TOT","PC_CHGPP","Q","2007-Q1",0.076329825,
"DEU","QGDP","TOT","PC_CHGPP","Q","2007-Q2",0.838052558,
"DEU","QGDP","TOT","PC_CHGPP","Q","2007-Q3",0.49649169,
"DEU","QGDP","TOT","PC_CHGPP","Q","2007-Q4",0.665882926,
"DEU","QGDP","TOT","PC_CHGPP","Q","2008-Q1",0.629476702,
"DEU","QGDP","TOT","PC_CHGPP","Q","2008-Q2",-0.233242288,
"DEU","QGDP","TOT","PC_CHGPP","Q","2008-Q3",-0.648249182,
"DEU","QGDP","TOT","PC_CHGPP","Q","2008-Q4",-1.593756296,
"DEU","QGDP","TOT","PC_CHGPP","Q","2009-Q1",-4.682227055,
"DEU","QGDP","TOT","PC_CHGPP","Q","2009-Q2",0.159652865,
"DEU","QGDP","TOT","PC_CHGPP","Q","2009-Q3",0.557891323,
"DEU","QGDP","TOT","PC_CHGPP","Q","2009-Q4",0.735962768,
"DEU","QGDP","TOT","PC_CHGPP","Q","2010-Q1",0.806515425,
"DEU","QGDP","TOT","PC_CHGPP","Q","2010-Q2",2.241046536,
"DEU","QGDP","TOT","PC_CHGPP","Q","2010-Q3",0.839699329,
"DEU","QGDP","TOT","PC_CHGPP","Q","2010-Q4",0.811076295,
"DEU","QGDP","TOT","PC_CHGPP","Q","2011-Q1",1.931018281,
"DEU","QGDP","TOT","PC_CHGPP","Q","2011-Q2",0.084194173,
"DEU","QGDP","TOT","PC_CHGPP","Q","2011-Q3",0.893792659,
"DEU","QGDP","TOT","PC_CHGPP","Q","2011-Q4",-0.312652447,
"DEU","QGDP","TOT","PC_CHGPP","Q","2012-Q1",0.21171715,
"DEU","QGDP","TOT","PC_CHGPP","Q","2012-Q2",0.187789145,
"DEU","QGDP","TOT","PC_CHGPP","Q","2012-Q3",0.291571972,
"DEU","QGDP","TOT","PC_CHGPP","Q","2012-Q4",-0.446474462,
"DEU","QGDP","TOT","PC_CHGPP","Q","2013-Q1",-0.466756989,
"DEU","QGDP","TOT","PC_CHGPP","Q","2013-Q2",1.068846451,
"DEU","QGDP","TOT","PC_CHGPP","Q","2013-Q3",0.580606006,
"DEU","QGDP","TOT","PC_CHGPP","Q","2013-Q4",0.29894409,
"DEU","QGDP","TOT","PC_CHGPP","Q","2014-Q1",0.935197772,
"DEU","QGDP","TOT","PC_CHGPP","Q","2014-Q2",0,
"DEU","QGDP","TOT","PC_CHGPP","Q","2014-Q3",0.539657201,
"DEU","QGDP","TOT","PC_CHGPP","Q","2014-Q4",0.810213546,
"DEU","QGDP","TOT","PC_CHGPP","Q","2015-Q1",-0.527421908,
"DEU","QGDP","TOT","PC_CHGPP","Q","2015-Q2",0.706936947,
"DEU","QGDP","TOT","PC_CHGPP","Q","2015-Q3",0.501395916,
"DEU","QGDP","TOT","PC_CHGPP","Q","2015-Q4",0.429059777,
"DEU","QGDP","TOT","PC_CHGPP","Q","2016-Q1",0.817229402,
"DEU","QGDP","TOT","PC_CHGPP","Q","2016-Q2",0.413911661,
"DEU","QGDP","TOT","PC_CHGPP","Q","2016-Q3",0.34351193,
"DEU","QGDP","TOT","PC_CHGPP","Q","2016-Q4",0.312987231,
"DEU","QGDP","TOT","PC_CHGPP","Q","2017-Q1",1.218802299,
"DEU","QGDP","TOT","PC_CHGPP","Q","2017-Q2",0.780268505,
"DEU","QGDP","TOT","PC_CHGPP","Q","2017-Q3",0.879377516,
"DEU","QGDP","TOT","PC_CHGPP","Q","2017-Q4",0.805377738,
"DEU","QGDP","TOT","PC_CHGPP","Q","2018-Q1",-0.432376803,"P"
"DEU","QGDP","TOT","PC_CHGPP","Q","2018-Q2",0.556977164,"P"
"DEU","QGDP","TOT","PC_CHGPP","Q","2018-Q3",-0.422456804,"P"
"DEU","QGDP","TOT","PC_CHGPP","Q","2018-Q4",0.386536632,"P"
"DEU","QGDP","TOT","PC_CHGPP","Q","2019-Q1",1.054195089,"P"
"DEU","QGDP","TOT","PC_CHGPP","Q","2019-Q2",-0.492566052,"P"
"DEU","QGDP","TOT","PC_CHGPP","Q","2019-Q3",0.410949135,"P"
"DEU","QGDP","TOT","PC_CHGPP","Q","2019-Q4",-0.074416587,"P"
"DEU","QGDP","TOT","PC_CHGPP","Q","2020-Q1",-1.763973605,"P"
"DEU","QGDP","TOT","PC_CHGPP","Q","2020-Q2",-9.996215611,"P"
"DEU","QGDP","TOT","PC_CHGPP","Q","2020-Q3",9.043062505,"P"
"DEU","QGDP","TOT","PC_CHGPP","Q","2020-Q4",0.743386255,"P"
"DEU","QGDP","TOT","PC_CHGPP","Q","2021-Q1",-1.681885603,"P"
"DEU","QGDP","TOT","PC_CHGPP","Q","2021-Q2",2.173700733,"P"
"DEU","QGDP","TOT","PC_CHGPP","Q","2021-Q3",1.65999535,"P"
"DEU","QGDP","TOT","PC_CHGPP","Q","2021-Q4",-0.731986727,"E"
"PRT","QGDP","TOT","PC_CHGPP","Q","2003-Q3",0.887370155,
"PRT","QGDP","TOT","PC_CHGPP","Q","2003-Q4",0.377797496,
"PRT","QGDP","TOT","PC_CHGPP","Q","2004-Q1",0.902894616,
"PRT","QGDP","TOT","PC_CHGPP","Q","2004-Q2",0.57209479,
"PRT","QGDP","TOT","PC_CHGPP","Q","2004-Q3",0.039396612,
"PRT","QGDP","TOT","PC_CHGPP","Q","2004-Q4",-0.295723234,
"PRT","QGDP","TOT","PC_CHGPP","Q","2005-Q1",0.769012778,
"PRT","QGDP","TOT","PC_CHGPP","Q","2005-Q2",0.368647118,
"PRT","QGDP","TOT","PC_CHGPP","Q","2005-Q3",-0.471937283,
"PRT","QGDP","TOT","PC_CHGPP","Q","2005-Q4",0.13303494,
"PRT","QGDP","TOT","PC_CHGPP","Q","2006-Q1",0.817392645,
"PRT","QGDP","TOT","PC_CHGPP","Q","2006-Q2",0.96512188,
"PRT","QGDP","TOT","PC_CHGPP","Q","2006-Q3",-0.112732238,
"PRT","QGDP","TOT","PC_CHGPP","Q","2006-Q4",0.711999077,
"PRT","QGDP","TOT","PC_CHGPP","Q","2007-Q1",1.052270567,
"PRT","QGDP","TOT","PC_CHGPP","Q","2007-Q2",0.443121174,
"PRT","QGDP","TOT","PC_CHGPP","Q","2007-Q3",0.205999342,
"PRT","QGDP","TOT","PC_CHGPP","Q","2007-Q4",1.118249303,
"PRT","QGDP","TOT","PC_CHGPP","Q","2008-Q1",0.007673184,
"PRT","QGDP","TOT","PC_CHGPP","Q","2008-Q2",-0.492606075,
"PRT","QGDP","TOT","PC_CHGPP","Q","2008-Q3",-0.082530827,
"PRT","QGDP","TOT","PC_CHGPP","Q","2008-Q4",-1.291756647,
"PRT","QGDP","TOT","PC_CHGPP","Q","2009-Q1",-2.516670472,
"PRT","QGDP","TOT","PC_CHGPP","Q","2009-Q2",0.089438207,
"PRT","QGDP","TOT","PC_CHGPP","Q","2009-Q3",0.882224183,
"PRT","QGDP","TOT","PC_CHGPP","Q","2009-Q4",0.047782666,
"PRT","QGDP","TOT","PC_CHGPP","Q","2010-Q1",0.823018427,
"PRT","QGDP","TOT","PC_CHGPP","Q","2010-Q2",0.552428604,
"PRT","QGDP","TOT","PC_CHGPP","Q","2010-Q3",0.083833036,
"PRT","QGDP","TOT","PC_CHGPP","Q","2010-Q4",-0.194037196,
"PRT","QGDP","TOT","PC_CHGPP","Q","2011-Q1",-0.660768312,
"PRT","QGDP","TOT","PC_CHGPP","Q","2011-Q2",-0.428915528,
"PRT","QGDP","TOT","PC_CHGPP","Q","2011-Q3",-0.780836238,
"PRT","QGDP","TOT","PC_CHGPP","Q","2011-Q4",-1.478454706,
"PRT","QGDP","TOT","PC_CHGPP","Q","2012-Q1",-0.545801608,
"PRT","QGDP","TOT","PC_CHGPP","Q","2012-Q2",-1.347954513,
"PRT","QGDP","TOT","PC_CHGPP","Q","2012-Q3",-1.129418955,
"PRT","QGDP","TOT","PC_CHGPP","Q","2012-Q4",-1.580457377,
"PRT","QGDP","TOT","PC_CHGPP","Q","2013-Q1",0.416147358,
"PRT","QGDP","TOT","PC_CHGPP","Q","2013-Q2",0.75837044,
"PRT","QGDP","TOT","PC_CHGPP","Q","2013-Q3",-0.139296447,
"PRT","QGDP","TOT","PC_CHGPP","Q","2013-Q4",1.094967331,
"PRT","QGDP","TOT","PC_CHGPP","Q","2014-Q1",-0.641839267,
"PRT","QGDP","TOT","PC_CHGPP","Q","2014-Q2",0.332717028,
"PRT","QGDP","TOT","PC_CHGPP","Q","2014-Q3",0.094687166,
"PRT","QGDP","TOT","PC_CHGPP","Q","2014-Q4",0.808968919,
"PRT","QGDP","TOT","PC_CHGPP","Q","2015-Q1",0.644836282,
"PRT","QGDP","TOT","PC_CHGPP","Q","2015-Q2",0.29763901,
"PRT","QGDP","TOT","PC_CHGPP","Q","2015-Q3",0.113767651,
"PRT","QGDP","TOT","PC_CHGPP","Q","2015-Q4",0.479259937,
"PRT","QGDP","TOT","PC_CHGPP","Q","2016-Q1",0.466787525,
"PRT","QGDP","TOT","PC_CHGPP","Q","2016-Q2",0.299561897,
"PRT","QGDP","TOT","PC_CHGPP","Q","2016-Q3",1.17409239,
"PRT","QGDP","TOT","PC_CHGPP","Q","2016-Q4",0.931975429,
"PRT","QGDP","TOT","PC_CHGPP","Q","2017-Q1",1.170816047,
"PRT","QGDP","TOT","PC_CHGPP","Q","2017-Q2",0.505247849,
"PRT","QGDP","TOT","PC_CHGPP","Q","2017-Q3",0.69498999,
"PRT","QGDP","TOT","PC_CHGPP","Q","2017-Q4",0.825446682,
"PRT","QGDP","TOT","PC_CHGPP","Q","2018-Q1",0.727368109,
"PRT","QGDP","TOT","PC_CHGPP","Q","2018-Q2",0.779536523,
"PRT","QGDP","TOT","PC_CHGPP","Q","2018-Q3",0.525723942,
"PRT","QGDP","TOT","PC_CHGPP","Q","2018-Q4",0.608994992,
"PRT","QGDP","TOT","PC_CHGPP","Q","2019-Q1",0.881510282,
"PRT","QGDP","TOT","PC_CHGPP","Q","2019-Q2",0.56465027,
"PRT","QGDP","TOT","PC_CHGPP","Q","2019-Q3",0.46238778,
"PRT","QGDP","TOT","PC_CHGPP","Q","2019-Q4",0.824613982,
"PRT","QGDP","TOT","PC_CHGPP","Q","2020-Q1",-4.414527861,"P"
"PRT","QGDP","TOT","PC_CHGPP","Q","2020-Q2",-15.249695489,"P"
"PRT","QGDP","TOT","PC_CHGPP","Q","2020-Q3",14.672635056,"P"
"PRT","QGDP","TOT","PC_CHGPP","Q","2020-Q4",0.275105523,"P"
"PRT","QGDP","TOT","PC_CHGPP","Q","2021-Q1",-3.262315394,"P"
"PRT","QGDP","TOT","PC_CHGPP","Q","2021-Q2",4.368796432,"P"
"PRT","QGDP","TOT","PC_CHGPP","Q","2021-Q3",2.885037821,"P"
"PRT","QGDP","TOT","PC_CHGPP","Q","2021-Q4",1.60102893,"P"
"ITA","QGDP","TOT","PC_CHGPP","Q","2003-Q3",-0.072138451,
"ITA","QGDP","TOT","PC_CHGPP","Q","2003-Q4",0.935432546,
"ITA","QGDP","TOT","PC_CHGPP","Q","2004-Q1",0.212927831,
"ITA","QGDP","TOT","PC_CHGPP","Q","2004-Q2",0.424250894,
"ITA","QGDP","TOT","PC_CHGPP","Q","2004-Q3",-0.010942477,
"ITA","QGDP","TOT","PC_CHGPP","Q","2004-Q4",0.26025499,
"ITA","QGDP","TOT","PC_CHGPP","Q","2005-Q1",-0.202871017,
"ITA","QGDP","TOT","PC_CHGPP","Q","2005-Q2",0.744629442,
"ITA","QGDP","TOT","PC_CHGPP","Q","2005-Q3",0.624589563,
"ITA","QGDP","TOT","PC_CHGPP","Q","2005-Q4",0.15086591,
"ITA","QGDP","TOT","PC_CHGPP","Q","2006-Q1",0.219302058,
"ITA","QGDP","TOT","PC_CHGPP","Q","2006-Q2",0.674176792,
"ITA","QGDP","TOT","PC_CHGPP","Q","2006-Q3",0.428252758,
"ITA","QGDP","TOT","PC_CHGPP","Q","2006-Q4",1.271537183,
"ITA","QGDP","TOT","PC_CHGPP","Q","2007-Q1",-0.154555957,
"ITA","QGDP","TOT","PC_CHGPP","Q","2007-Q2",0.179574936,
"ITA","QGDP","TOT","PC_CHGPP","Q","2007-Q3",0.225514768,
"ITA","QGDP","TOT","PC_CHGPP","Q","2007-Q4",-0.341557589,
"ITA","QGDP","TOT","PC_CHGPP","Q","2008-Q1",1.115394904,
"ITA","QGDP","TOT","PC_CHGPP","Q","2008-Q2",-0.946149651,
"ITA","QGDP","TOT","PC_CHGPP","Q","2008-Q3",-1.232084951,
"ITA","QGDP","TOT","PC_CHGPP","Q","2008-Q4",-2.62005395,
"ITA","QGDP","TOT","PC_CHGPP","Q","2009-Q1",-2.693743756,
"ITA","QGDP","TOT","PC_CHGPP","Q","2009-Q2",-0.31826115,
"ITA","QGDP","TOT","PC_CHGPP","Q","2009-Q3",0.581847754,
"ITA","QGDP","TOT","PC_CHGPP","Q","2009-Q4",0.324504377,
"ITA","QGDP","TOT","PC_CHGPP","Q","2010-Q1",0.268181138,
"ITA","QGDP","TOT","PC_CHGPP","Q","2010-Q2",0.747525358,
"ITA","QGDP","TOT","PC_CHGPP","Q","2010-Q3",0.478045488,
"ITA","QGDP","TOT","PC_CHGPP","Q","2010-Q4",0.548737105,
"ITA","QGDP","TOT","PC_CHGPP","Q","2011-Q1",0.476721845,
"ITA","QGDP","TOT","PC_CHGPP","Q","2011-Q2",0.044972402,
"ITA","QGDP","TOT","PC_CHGPP","Q","2011-Q3",-0.522658531,
"ITA","QGDP","TOT","PC_CHGPP","Q","2011-Q4",-0.948213761,
"ITA","QGDP","TOT","PC_CHGPP","Q","2012-Q1",-1.085703719,
"ITA","QGDP","TOT","PC_CHGPP","Q","2012-Q2",-0.738444078,
"ITA","QGDP","TOT","PC_CHGPP","Q","2012-Q3",-0.518145832,
"ITA","QGDP","TOT","PC_CHGPP","Q","2012-Q4",-0.752078082,
"ITA","QGDP","TOT","PC_CHGPP","Q","2013-Q1",-0.932763968,
"ITA","QGDP","TOT","PC_CHGPP","Q","2013-Q2",0.01957188,
"ITA","QGDP","TOT","PC_CHGPP","Q","2013-Q3",0.230430244,
"ITA","QGDP","TOT","PC_CHGPP","Q","2013-Q4",-0.22126949,
"ITA","QGDP","TOT","PC_CHGPP","Q","2014-Q1",0.158065957,
"ITA","QGDP","TOT","PC_CHGPP","Q","2014-Q2",-0.031894163,
"ITA","QGDP","TOT","PC_CHGPP","Q","2014-Q3",0.102746085,
"ITA","QGDP","TOT","PC_CHGPP","Q","2014-Q4",-0.268513906,
"ITA","QGDP","TOT","PC_CHGPP","Q","2015-Q1",0.264507832,
"ITA","QGDP","TOT","PC_CHGPP","Q","2015-Q2",0.396262071,
"ITA","QGDP","TOT","PC_CHGPP","Q","2015-Q3",0.240078305,
"ITA","QGDP","TOT","PC_CHGPP","Q","2015-Q4",0.528458231,
"ITA","QGDP","TOT","PC_CHGPP","Q","2016-Q1",0.272584725,
"ITA","QGDP","TOT","PC_CHGPP","Q","2016-Q2",0.2056263,
"ITA","QGDP","TOT","PC_CHGPP","Q","2016-Q3",0.56670361,
"ITA","QGDP","TOT","PC_CHGPP","Q","2016-Q4",0.286547125,
"ITA","QGDP","TOT","PC_CHGPP","Q","2017-Q1",0.549260578,
"ITA","QGDP","TOT","PC_CHGPP","Q","2017-Q2",0.399895852,
"ITA","QGDP","TOT","PC_CHGPP","Q","2017-Q3",0.3818128,
"ITA","QGDP","TOT","PC_CHGPP","Q","2017-Q4",0.536468886,
"ITA","QGDP","TOT","PC_CHGPP","Q","2018-Q1",-0.021414079,
"ITA","QGDP","TOT","PC_CHGPP","Q","2018-Q2",0.019183674,
"ITA","QGDP","TOT","PC_CHGPP","Q","2018-Q3",0.067735175,
"ITA","QGDP","TOT","PC_CHGPP","Q","2018-Q4",0.324769199,
"ITA","QGDP","TOT","PC_CHGPP","Q","2019-Q1",0.0343843,
"ITA","QGDP","TOT","PC_CHGPP","Q","2019-Q2",0.210105556,
"ITA","QGDP","TOT","PC_CHGPP","Q","2019-Q3",0.140509113,
"ITA","QGDP","TOT","PC_CHGPP","Q","2019-Q4",-0.546812459,
"ITA","QGDP","TOT","PC_CHGPP","Q","2020-Q1",-5.831750064,
"ITA","QGDP","TOT","PC_CHGPP","Q","2020-Q2",-12.730088659,
"ITA","QGDP","TOT","PC_CHGPP","Q","2020-Q3",15.791129081,
"ITA","QGDP","TOT","PC_CHGPP","Q","2020-Q4",-1.687509259,
"ITA","QGDP","TOT","PC_CHGPP","Q","2021-Q1",0.320779363,
"ITA","QGDP","TOT","PC_CHGPP","Q","2021-Q2",2.726170904,
"ITA","QGDP","TOT","PC_CHGPP","Q","2021-Q3",2.613138148,
"ITA","QGDP","TOT","PC_CHGPP","Q","2021-Q4",0.612598122,
"AUT","QGDP","TOT","PC_CHGPP","Q","2003-Q3",0.3481887,
"AUT","QGDP","TOT","PC_CHGPP","Q","2003-Q4",0.143950161,
"AUT","QGDP","TOT","PC_CHGPP","Q","2004-Q1",0.928661111,
"AUT","QGDP","TOT","PC_CHGPP","Q","2004-Q2",0.848175459,
"AUT","QGDP","TOT","PC_CHGPP","Q","2004-Q3",0.996637502,
"AUT","QGDP","TOT","PC_CHGPP","Q","2004-Q4",0.343986837,
"AUT","QGDP","TOT","PC_CHGPP","Q","2005-Q1",-0.066373221,
"AUT","QGDP","TOT","PC_CHGPP","Q","2005-Q2",1.14313681,
"AUT","QGDP","TOT","PC_CHGPP","Q","2005-Q3",0.735519006,
"AUT","QGDP","TOT","PC_CHGPP","Q","2005-Q4",0.909525269,
"AUT","QGDP","TOT","PC_CHGPP","Q","2006-Q1",1.097197998,
"AUT","QGDP","TOT","PC_CHGPP","Q","2006-Q2",0.367834544,
"AUT","QGDP","TOT","PC_CHGPP","Q","2006-Q3",1.145486905,
"AUT","QGDP","TOT","PC_CHGPP","Q","2006-Q4",1.05216636,
"AUT","QGDP","TOT","PC_CHGPP","Q","2007-Q1",0.928839611,
"AUT","QGDP","TOT","PC_CHGPP","Q","2007-Q2",1.181641885,
"AUT","QGDP","TOT","PC_CHGPP","Q","2007-Q3",0.30778077,
"AUT","QGDP","TOT","PC_CHGPP","Q","2007-Q4",0.867301482,
"AUT","QGDP","TOT","PC_CHGPP","Q","2008-Q1",0.66882739,
"AUT","QGDP","TOT","PC_CHGPP","Q","2008-Q2",0.832212253,
"AUT","QGDP","TOT","PC_CHGPP","Q","2008-Q3",-0.649561903,
"AUT","QGDP","TOT","PC_CHGPP","Q","2008-Q4",-2.232901781,
"AUT","QGDP","TOT","PC_CHGPP","Q","2009-Q1",-1.729885552,
"AUT","QGDP","TOT","PC_CHGPP","Q","2009-Q2",-0.778724917,
"AUT","QGDP","TOT","PC_CHGPP","Q","2009-Q3",0.445805948,
"AUT","QGDP","TOT","PC_CHGPP","Q","2009-Q4",0.46603214,
"AUT","QGDP","TOT","PC_CHGPP","Q","2010-Q1",-0.427642709,
"AUT","QGDP","TOT","PC_CHGPP","Q","2010-Q2",1.354214942,
"AUT","QGDP","TOT","PC_CHGPP","Q","2010-Q3",0.88963186,
"AUT","QGDP","TOT","PC_CHGPP","Q","2010-Q4",1.155355945,
"AUT","QGDP","TOT","PC_CHGPP","Q","2011-Q1",0.885603571,
"AUT","QGDP","TOT","PC_CHGPP","Q","2011-Q2",0.224057369,
"AUT","QGDP","TOT","PC_CHGPP","Q","2011-Q3",0.691269095,
"AUT","QGDP","TOT","PC_CHGPP","Q","2011-Q4",-0.036420571,
"AUT","QGDP","TOT","PC_CHGPP","Q","2012-Q1",0.770958667,
"AUT","QGDP","TOT","PC_CHGPP","Q","2012-Q2",-0.385964106,
"AUT","QGDP","TOT","PC_CHGPP","Q","2012-Q3",-0.173171138,
"AUT","QGDP","TOT","PC_CHGPP","Q","2012-Q4",-0.022319133,
"AUT","QGDP","TOT","PC_CHGPP","Q","2013-Q1",-0.272031549,
"AUT","QGDP","TOT","PC_CHGPP","Q","2013-Q2",0.117041756,
"AUT","QGDP","TOT","PC_CHGPP","Q","2013-Q3",0.48647531,
"AUT","QGDP","TOT","PC_CHGPP","Q","2013-Q4",0.418510027,
"AUT","QGDP","TOT","PC_CHGPP","Q","2014-Q1",-0.288295591,
"AUT","QGDP","TOT","PC_CHGPP","Q","2014-Q2",0.689511765,
"AUT","QGDP","TOT","PC_CHGPP","Q","2014-Q3",-0.072956542,
"AUT","QGDP","TOT","PC_CHGPP","Q","2014-Q4",0.155936986,
"AUT","QGDP","TOT","PC_CHGPP","Q","2015-Q1",0.239367446,
"AUT","QGDP","TOT","PC_CHGPP","Q","2015-Q2",0.194996629,
"AUT","QGDP","TOT","PC_CHGPP","Q","2015-Q3",0.592707427,
"AUT","QGDP","TOT","PC_CHGPP","Q","2015-Q4",0.115403144,
"AUT","QGDP","TOT","PC_CHGPP","Q","2016-Q1",1.060783764,
"AUT","QGDP","TOT","PC_CHGPP","Q","2016-Q2",-0.139554296,
"AUT","QGDP","TOT","PC_CHGPP","Q","2016-Q3",0.559007604,
"AUT","QGDP","TOT","PC_CHGPP","Q","2016-Q4",1.021430792,
"AUT","QGDP","TOT","PC_CHGPP","Q","2017-Q1",0.490198457,
"AUT","QGDP","TOT","PC_CHGPP","Q","2017-Q2",0.56668521,
"AUT","QGDP","TOT","PC_CHGPP","Q","2017-Q3",0.529701379,
"AUT","QGDP","TOT","PC_CHGPP","Q","2017-Q4",0.718863419,
"AUT","QGDP","TOT","PC_CHGPP","Q","2018-Q1",0.877494092,
"AUT","QGDP","TOT","PC_CHGPP","Q","2018-Q2",0.372657235,
"AUT","QGDP","TOT","PC_CHGPP","Q","2018-Q3",0.145500034,
"AUT","QGDP","TOT","PC_CHGPP","Q","2018-Q4",1.020038142,
"AUT","QGDP","TOT","PC_CHGPP","Q","2019-Q1",0.853556808,
"AUT","QGDP","TOT","PC_CHGPP","Q","2019-Q2",-0.504881782,
"AUT","QGDP","TOT","PC_CHGPP","Q","2019-Q3",0.293408105,
"AUT","QGDP","TOT","PC_CHGPP","Q","2019-Q4",-0.345180112,
"AUT","QGDP","TOT","PC_CHGPP","Q","2020-Q1",-2.491500347,
"AUT","QGDP","TOT","PC_CHGPP","Q","2020-Q2",-11.408046943,
"AUT","QGDP","TOT","PC_CHGPP","Q","2020-Q3",10.907848532,
"AUT","QGDP","TOT","PC_CHGPP","Q","2020-Q4",-2.039616245,"P"
"AUT","QGDP","TOT","PC_CHGPP","Q","2021-Q1",-0.355124464,
"AUT","QGDP","TOT","PC_CHGPP","Q","2021-Q2",4.180354721,
"AUT","QGDP","TOT","PC_CHGPP","Q","2021-Q3",3.81326024,
"AUT","QGDP","TOT","PC_CHGPP","Q","2021-Q4",-2.221334829,
"IRL","QGDP","TOT","PC_CHGPP","Q","2003-Q3",0.813466605,
"IRL","QGDP","TOT","PC_CHGPP","Q","2003-Q4",5.218779364,
"IRL","QGDP","TOT","PC_CHGPP","Q","2004-Q1",-0.169968671,
"IRL","QGDP","TOT","PC_CHGPP","Q","2004-Q2",2.313470678,
"IRL","QGDP","TOT","PC_CHGPP","Q","2004-Q3",-0.549704701,
"IRL","QGDP","TOT","PC_CHGPP","Q","2004-Q4",2.386226204,
"IRL","QGDP","TOT","PC_CHGPP","Q","2005-Q1",1.929255946,
"IRL","QGDP","TOT","PC_CHGPP","Q","2005-Q2",1.938297601,
"IRL","QGDP","TOT","PC_CHGPP","Q","2005-Q3",-0.964292096,
"IRL","QGDP","TOT","PC_CHGPP","Q","2005-Q4",3.169626454,
"IRL","QGDP","TOT","PC_CHGPP","Q","2006-Q1",1.755901189,
"IRL","QGDP","TOT","PC_CHGPP","Q","2006-Q2",0.27969038,
"IRL","QGDP","TOT","PC_CHGPP","Q","2006-Q3",1.181479108,
"IRL","QGDP","TOT","PC_CHGPP","Q","2006-Q4",0.322914942,
"IRL","QGDP","TOT","PC_CHGPP","Q","2007-Q1",5.848409119,
"IRL","QGDP","TOT","PC_CHGPP","Q","2007-Q2",-1.497064923,
"IRL","QGDP","TOT","PC_CHGPP","Q","2007-Q3",-2.577335196,
"IRL","QGDP","TOT","PC_CHGPP","Q","2007-Q4",4.162954804,
"IRL","QGDP","TOT","PC_CHGPP","Q","2008-Q1",-2.686497399,
"IRL","QGDP","TOT","PC_CHGPP","Q","2008-Q2",-2.475645349,
"IRL","QGDP","TOT","PC_CHGPP","Q","2008-Q3",-0.841920809,
"IRL","QGDP","TOT","PC_CHGPP","Q","2008-Q4",-4.145980281,
"IRL","QGDP","TOT","PC_CHGPP","Q","2009-Q1",0.430103886,
"IRL","QGDP","TOT","PC_CHGPP","Q","2009-Q2",-0.501108596,
"IRL","QGDP","TOT","PC_CHGPP","Q","2009-Q3",-1.386399123,
"IRL","QGDP","TOT","PC_CHGPP","Q","2009-Q4",-1.278050814,
"IRL","QGDP","TOT","PC_CHGPP","Q","2010-Q1",2.963395825,
"IRL","QGDP","TOT","PC_CHGPP","Q","2010-Q2",0.059786493,
"IRL","QGDP","TOT","PC_CHGPP","Q","2010-Q3",0.440455187,
"IRL","QGDP","TOT","PC_CHGPP","Q","2010-Q4",-0.446663424,
"IRL","QGDP","TOT","PC_CHGPP","Q","2011-Q1",0.809251833,
"IRL","QGDP","TOT","PC_CHGPP","Q","2011-Q2",1.379710956,
"IRL","QGDP","TOT","PC_CHGPP","Q","2011-Q3",-1.809263568,
"IRL","QGDP","TOT","PC_CHGPP","Q","2011-Q4",0.354650267,
"IRL","QGDP","TOT","PC_CHGPP","Q","2012-Q1",-0.672123481,
"IRL","QGDP","TOT","PC_CHGPP","Q","2012-Q2",2.008754846,
"IRL","QGDP","TOT","PC_CHGPP","Q","2012-Q3",-1.947462112,
"IRL","QGDP","TOT","PC_CHGPP","Q","2012-Q4",1.301140146,
"IRL","QGDP","TOT","PC_CHGPP","Q","2013-Q1",-1.977205629,
"IRL","QGDP","TOT","PC_CHGPP","Q","2013-Q2",2.880424391,
"IRL","QGDP","TOT","PC_CHGPP","Q","2013-Q3",1.813335961,
"IRL","QGDP","TOT","PC_CHGPP","Q","2013-Q4",0.176252898,
"IRL","QGDP","TOT","PC_CHGPP","Q","2014-Q1",3.175361646,
"IRL","QGDP","TOT","PC_CHGPP","Q","2014-Q2",4.127528624,
"IRL","QGDP","TOT","PC_CHGPP","Q","2014-Q3",0.100554787,
"IRL","QGDP","TOT","PC_CHGPP","Q","2014-Q4",0.694108454,
"IRL","QGDP","TOT","PC_CHGPP","Q","2015-Q1",23.375033262,
"IRL","QGDP","TOT","PC_CHGPP","Q","2015-Q2",-2.228122251,
"IRL","QGDP","TOT","PC_CHGPP","Q","2015-Q3",2.712317359,
"IRL","QGDP","TOT","PC_CHGPP","Q","2015-Q4",1.508858362,
"IRL","QGDP","TOT","PC_CHGPP","Q","2016-Q1",-2.984478769,
"IRL","QGDP","TOT","PC_CHGPP","Q","2016-Q2",1.571684915,
"IRL","QGDP","TOT","PC_CHGPP","Q","2016-Q3",-1.194047033,
"IRL","QGDP","TOT","PC_CHGPP","Q","2016-Q4",11.784117294,
"IRL","QGDP","TOT","PC_CHGPP","Q","2017-Q1",-4.336258384,
"IRL","QGDP","TOT","PC_CHGPP","Q","2017-Q2",3.190603263,
"IRL","QGDP","TOT","PC_CHGPP","Q","2017-Q3",2.919818298,
"IRL","QGDP","TOT","PC_CHGPP","Q","2017-Q4",5.283538941,
"IRL","QGDP","TOT","PC_CHGPP","Q","2018-Q1",0.91664845,
"IRL","QGDP","TOT","PC_CHGPP","Q","2018-Q2",2.882495359,
"IRL","QGDP","TOT","PC_CHGPP","Q","2018-Q3",-1.205234579,
"IRL","QGDP","TOT","PC_CHGPP","Q","2018-Q4",1.311751101,
"IRL","QGDP","TOT","PC_CHGPP","Q","2019-Q1",2.197541872,
"IRL","QGDP","TOT","PC_CHGPP","Q","2019-Q2",2.219795011,
"IRL","QGDP","TOT","PC_CHGPP","Q","2019-Q3",-0.416159683,
"IRL","QGDP","TOT","PC_CHGPP","Q","2019-Q4",1.200269745,
"IRL","QGDP","TOT","PC_CHGPP","Q","2020-Q1",3.671036615,
"IRL","QGDP","TOT","PC_CHGPP","Q","2020-Q2",-3.317646663,
"IRL","QGDP","TOT","PC_CHGPP","Q","2020-Q3",9.468730217,
"IRL","QGDP","TOT","PC_CHGPP","Q","2020-Q4",-4.680927391,
"IRL","QGDP","TOT","PC_CHGPP","Q","2021-Q1",10.028382225,
"IRL","QGDP","TOT","PC_CHGPP","Q","2021-Q2",5.24604534,
"IRL","QGDP","TOT","PC_CHGPP","Q","2021-Q3",0.945630169,
"CHE","QGDP","TOT","PC_CHGPP","Q","2003-Q3",0.992839391,
"CHE","QGDP","TOT","PC_CHGPP","Q","2003-Q4",1.205372245,
"CHE","QGDP","TOT","PC_CHGPP","Q","2004-Q1",0.5755018,
"CHE","QGDP","TOT","PC_CHGPP","Q","2004-Q2",0.739732075,
"CHE","QGDP","TOT","PC_CHGPP","Q","2004-Q3",0.044870353,
"CHE","QGDP","TOT","PC_CHGPP","Q","2004-Q4",0.160727491,
"CHE","QGDP","TOT","PC_CHGPP","Q","2005-Q1",0.775657292,
"CHE","QGDP","TOT","PC_CHGPP","Q","2005-Q2",1.213189158,
"CHE","QGDP","TOT","PC_CHGPP","Q","2005-Q3",1.139719043,
"CHE","QGDP","TOT","PC_CHGPP","Q","2005-Q4",0.941064732,
"CHE","QGDP","TOT","PC_CHGPP","Q","2006-Q1",1.11056701,
"CHE","QGDP","TOT","PC_CHGPP","Q","2006-Q2",0.855379568,
"CHE","QGDP","TOT","PC_CHGPP","Q","2006-Q3",0.855399401,
"CHE","QGDP","TOT","PC_CHGPP","Q","2006-Q4",1.295481642,
"CHE","QGDP","TOT","PC_CHGPP","Q","2007-Q1",0.564536065,
"CHE","QGDP","TOT","PC_CHGPP","Q","2007-Q2",1.447048433,
"CHE","QGDP","TOT","PC_CHGPP","Q","2007-Q3",0.942942153,
"CHE","QGDP","TOT","PC_CHGPP","Q","2007-Q4",1.062714002,
"CHE","QGDP","TOT","PC_CHGPP","Q","2008-Q1",0.855826194,
"CHE","QGDP","TOT","PC_CHGPP","Q","2008-Q2",0.898160891,
"CHE","QGDP","TOT","PC_CHGPP","Q","2008-Q3",0.382527889,
"CHE","QGDP","TOT","PC_CHGPP","Q","2008-Q4",-2.821142148,
"CHE","QGDP","TOT","PC_CHGPP","Q","2009-Q1",-1.555135326,
"CHE","QGDP","TOT","PC_CHGPP","Q","2009-Q2",0.600697029,
"CHE","QGDP","TOT","PC_CHGPP","Q","2009-Q3",1.145387645,
"CHE","QGDP","TOT","PC_CHGPP","Q","2009-Q4",0.831658703,
"CHE","QGDP","TOT","PC_CHGPP","Q","2010-Q1",0.71617919,
"CHE","QGDP","TOT","PC_CHGPP","Q","2010-Q2",0.831262919,
"CHE","QGDP","TOT","PC_CHGPP","Q","2010-Q3",0.584384664,
"CHE","QGDP","TOT","PC_CHGPP","Q","2010-Q4",0.745948509,
"CHE","QGDP","TOT","PC_CHGPP","Q","2011-Q1",0.6613607,
"CHE","QGDP","TOT","PC_CHGPP","Q","2011-Q2",0.465617508,
"CHE","QGDP","TOT","PC_CHGPP","Q","2011-Q3",-0.370428345,
"CHE","QGDP","TOT","PC_CHGPP","Q","2011-Q4",0.100225396,
"CHE","QGDP","TOT","PC_CHGPP","Q","2012-Q1",1.045073085,
"CHE","QGDP","TOT","PC_CHGPP","Q","2012-Q2",-0.056199334,
"CHE","QGDP","TOT","PC_CHGPP","Q","2012-Q3",0.707224352,
"CHE","QGDP","TOT","PC_CHGPP","Q","2012-Q4",-0.109586452,
"CHE","QGDP","TOT","PC_CHGPP","Q","2013-Q1",0.442402388,
"CHE","QGDP","TOT","PC_CHGPP","Q","2013-Q2",0.903294851,
"CHE","QGDP","TOT","PC_CHGPP","Q","2013-Q3",0.766929886,
"CHE","QGDP","TOT","PC_CHGPP","Q","2013-Q4",0.317796271,
"CHE","QGDP","TOT","PC_CHGPP","Q","2014-Q1",0.646763957,
"CHE","QGDP","TOT","PC_CHGPP","Q","2014-Q2",0.671778602,
"CHE","QGDP","TOT","PC_CHGPP","Q","2014-Q3",0.553827342,
"CHE","QGDP","TOT","PC_CHGPP","Q","2014-Q4",0.509402494,
"CHE","QGDP","TOT","PC_CHGPP","Q","2015-Q1",-0.151062847,
"CHE","QGDP","TOT","PC_CHGPP","Q","2015-Q2",0.721131791,
"CHE","QGDP","TOT","PC_CHGPP","Q","2015-Q3",0.627184212,
"CHE","QGDP","TOT","PC_CHGPP","Q","2015-Q4",0.386402353,
"CHE","QGDP","TOT","PC_CHGPP","Q","2016-Q1",0.446503571,
"CHE","QGDP","TOT","PC_CHGPP","Q","2016-Q2",0.520853815,
"CHE","QGDP","TOT","PC_CHGPP","Q","2016-Q3",0.547473459,
"CHE","QGDP","TOT","PC_CHGPP","Q","2016-Q4",0.3152758,
"CHE","QGDP","TOT","PC_CHGPP","Q","2017-Q1",0.193029216,
"CHE","QGDP","TOT","PC_CHGPP","Q","2017-Q2",0.302228692,
"CHE","QGDP","TOT","PC_CHGPP","Q","2017-Q3",0.641005409,
"CHE","QGDP","TOT","PC_CHGPP","Q","2017-Q4",1.055761679,
"CHE","QGDP","TOT","PC_CHGPP","Q","2018-Q1",1.093967408,
"CHE","QGDP","TOT","PC_CHGPP","Q","2018-Q2",0.930593396,
"CHE","QGDP","TOT","PC_CHGPP","Q","2018-Q3",-0.220884391,
"CHE","QGDP","TOT","PC_CHGPP","Q","2018-Q4",0.180941587,
"CHE","QGDP","TOT","PC_CHGPP","Q","2019-Q1",0.300851287,
"CHE","QGDP","TOT","PC_CHGPP","Q","2019-Q2",0.397020488,
"CHE","QGDP","TOT","PC_CHGPP","Q","2019-Q3",0.545105298,
"CHE","QGDP","TOT","PC_CHGPP","Q","2019-Q4",0.432749638,
"CHE","QGDP","TOT","PC_CHGPP","Q","2020-Q1",-1.525963914,
"CHE","QGDP","TOT","PC_CHGPP","Q","2020-Q2",-6.155122417,
"CHE","QGDP","TOT","PC_CHGPP","Q","2020-Q3",6.317282161,
"CHE","QGDP","TOT","PC_CHGPP","Q","2020-Q4",-0.090024688,
"CHE","QGDP","TOT","PC_CHGPP","Q","2021-Q1",-0.140820194,
"CHE","QGDP","TOT","PC_CHGPP","Q","2021-Q2",1.791075012,
"CHE","QGDP","TOT","PC_CHGPP","Q","2021-Q3",1.669700244,
"CHL","QGDP","TOT","PC_CHGPP","Q","2003-Q3",0.655179761,
"CHL","QGDP","TOT","PC_CHGPP","Q","2003-Q4",0.780432571,
"CHL","QGDP","TOT","PC_CHGPP","Q","2004-Q1",2.462144957,
"CHL","QGDP","TOT","PC_CHGPP","Q","2004-Q2",2.179740016,
"CHL","QGDP","TOT","PC_CHGPP","Q","2004-Q3",2.819638427,
"CHL","QGDP","TOT","PC_CHGPP","Q","2004-Q4",1.407967843,
"CHL","QGDP","TOT","PC_CHGPP","Q","2005-Q1",-0.038142698,
"CHL","QGDP","TOT","PC_CHGPP","Q","2005-Q2",1.622082911,
"CHL","QGDP","TOT","PC_CHGPP","Q","2005-Q3",2.32627958,
"CHL","QGDP","TOT","PC_CHGPP","Q","2005-Q4",1.389589059,
"CHL","QGDP","TOT","PC_CHGPP","Q","2006-Q1",0.852661662,
"CHL","QGDP","TOT","PC_CHGPP","Q","2006-Q2",2.076144644,
"CHL","QGDP","TOT","PC_CHGPP","Q","2006-Q3",1.306408175,
"CHL","QGDP","TOT","PC_CHGPP","Q","2006-Q4",2.038671021,
"CHL","QGDP","TOT","PC_CHGPP","Q","2007-Q1",0.952486997,
"CHL","QGDP","TOT","PC_CHGPP","Q","2007-Q2",0.933992464,
"CHL","QGDP","TOT","PC_CHGPP","Q","2007-Q3",0.146846209,
"CHL","QGDP","TOT","PC_CHGPP","Q","2007-Q4",1.682407434,
"CHL","QGDP","TOT","PC_CHGPP","Q","2008-Q1",2.562235415,
"CHL","QGDP","TOT","PC_CHGPP","Q","2008-Q2",0.059955903,
"CHL","QGDP","TOT","PC_CHGPP","Q","2008-Q3",-0.846287345,
"CHL","QGDP","TOT","PC_CHGPP","Q","2008-Q4",-0.97242042,
"CHL","QGDP","TOT","PC_CHGPP","Q","2009-Q1",-0.815451483,
"CHL","QGDP","TOT","PC_CHGPP","Q","2009-Q2",-0.596197472,
"CHL","QGDP","TOT","PC_CHGPP","Q","2009-Q3",1.11519886,
"CHL","QGDP","TOT","PC_CHGPP","Q","2009-Q4",1.23689424,
"CHL","QGDP","TOT","PC_CHGPP","Q","2010-Q1",0.357802556,
"CHL","QGDP","TOT","PC_CHGPP","Q","2010-Q2",3.422238008,
"CHL","QGDP","TOT","PC_CHGPP","Q","2010-Q3",2.332971188,
"CHL","QGDP","TOT","PC_CHGPP","Q","2010-Q4",1.236961951,
"CHL","QGDP","TOT","PC_CHGPP","Q","2011-Q1",1.263041371,
"CHL","QGDP","TOT","PC_CHGPP","Q","2011-Q2",1.400148011,
"CHL","QGDP","TOT","PC_CHGPP","Q","2011-Q3",0.369208298,
"CHL","QGDP","TOT","PC_CHGPP","Q","2011-Q4",1.911267133,
"CHL","QGDP","TOT","PC_CHGPP","Q","2012-Q1",1.724996469,
"CHL","QGDP","TOT","PC_CHGPP","Q","2012-Q2",1.525559795,
"CHL","QGDP","TOT","PC_CHGPP","Q","2012-Q3",0.636799891,
"CHL","QGDP","TOT","PC_CHGPP","Q","2012-Q4",0.692551959,
"CHL","QGDP","TOT","PC_CHGPP","Q","2013-Q1",1.167982925,
"CHL","QGDP","TOT","PC_CHGPP","Q","2013-Q2",1.548993204,
"CHL","QGDP","TOT","PC_CHGPP","Q","2013-Q3",0.874301578,
"CHL","QGDP","TOT","PC_CHGPP","Q","2013-Q4",0.174901689,
"CHL","QGDP","TOT","PC_CHGPP","Q","2014-Q1",0.147474789,
"CHL","QGDP","TOT","PC_CHGPP","Q","2014-Q2",0.495475399,
"CHL","QGDP","TOT","PC_CHGPP","Q","2014-Q3",-0.070517128,
"CHL","QGDP","TOT","PC_CHGPP","Q","2014-Q4",1.113288993,
"CHL","QGDP","TOT","PC_CHGPP","Q","2015-Q1",0.26084826,
"CHL","QGDP","TOT","PC_CHGPP","Q","2015-Q2",1.365432704,
"CHL","QGDP","TOT","PC_CHGPP","Q","2015-Q3",-0.371789132,
"CHL","QGDP","TOT","PC_CHGPP","Q","2015-Q4",0.898644478,
"CHL","QGDP","TOT","PC_CHGPP","Q","2016-Q1",0.665964489,
"CHL","QGDP","TOT","PC_CHGPP","Q","2016-Q2",-0.115019814,
"CHL","QGDP","TOT","PC_CHGPP","Q","2016-Q3",0.335786641,
"CHL","QGDP","TOT","PC_CHGPP","Q","2016-Q4",0.156797402,
"CHL","QGDP","TOT","PC_CHGPP","Q","2017-Q1",-0.788643197,
"CHL","QGDP","TOT","PC_CHGPP","Q","2017-Q2",1.215026881,
"CHL","QGDP","TOT","PC_CHGPP","Q","2017-Q3",1.677051377,
"CHL","QGDP","TOT","PC_CHGPP","Q","2017-Q4",0.739867594,
"CHL","QGDP","TOT","PC_CHGPP","Q","2018-Q1",1.197721015,
"CHL","QGDP","TOT","PC_CHGPP","Q","2018-Q2",1.131578667,
"CHL","QGDP","TOT","PC_CHGPP","Q","2018-Q3",-0.478523238,
"CHL","QGDP","TOT","PC_CHGPP","Q","2018-Q4",0.898847912,
"CHL","QGDP","TOT","PC_CHGPP","Q","2019-Q1",-0.129588197,
"CHL","QGDP","TOT","PC_CHGPP","Q","2019-Q2",1.475324448,
"CHL","QGDP","TOT","PC_CHGPP","Q","2019-Q3",0.471222548,
"CHL","QGDP","TOT","PC_CHGPP","Q","2019-Q4",-4.127033773,
"CHL","QGDP","TOT","PC_CHGPP","Q","2020-Q1",2.190149541,
"CHL","QGDP","TOT","PC_CHGPP","Q","2020-Q2",-12.29393248,
"CHL","QGDP","TOT","PC_CHGPP","Q","2020-Q3",5.016761185,
"CHL","QGDP","TOT","PC_CHGPP","Q","2020-Q4",6.08395698,
"CHL","QGDP","TOT","PC_CHGPP","Q","2021-Q1",3.803467929,
"CHL","QGDP","TOT","PC_CHGPP","Q","2021-Q2",1.610932645,
"CHL","QGDP","TOT","PC_CHGPP","Q","2021-Q3",4.871960657,
"SWE","QGDP","TOT","PC_CHGPP","Q","2003-Q3",1.476638662,
"SWE","QGDP","TOT","PC_CHGPP","Q","2003-Q4",0.607448748,
"SWE","QGDP","TOT","PC_CHGPP","Q","2004-Q1",1.868695365,
"SWE","QGDP","TOT","PC_CHGPP","Q","2004-Q2",0.385306658,
"SWE","QGDP","TOT","PC_CHGPP","Q","2004-Q3",0.803442378,
"SWE","QGDP","TOT","PC_CHGPP","Q","2004-Q4",0.840912318,
"SWE","QGDP","TOT","PC_CHGPP","Q","2005-Q1",0.410486857,
"SWE","QGDP","TOT","PC_CHGPP","Q","2005-Q2",0.692756047,
"SWE","QGDP","TOT","PC_CHGPP","Q","2005-Q3",1.187117884,
"SWE","QGDP","TOT","PC_CHGPP","Q","2005-Q4",0.678172243,
"SWE","QGDP","TOT","PC_CHGPP","Q","2006-Q1",1.550044332,
"SWE","QGDP","TOT","PC_CHGPP","Q","2006-Q2",1.619121204,
"SWE","QGDP","TOT","PC_CHGPP","Q","2006-Q3",1.187750146,
"SWE","QGDP","TOT","PC_CHGPP","Q","2006-Q4",0.662874809,
"SWE","QGDP","TOT","PC_CHGPP","Q","2007-Q1",0.971845409,
"SWE","QGDP","TOT","PC_CHGPP","Q","2007-Q2",0.49191659,
"SWE","QGDP","TOT","PC_CHGPP","Q","2007-Q3",0.785299244,
"SWE","QGDP","TOT","PC_CHGPP","Q","2007-Q4",1.148505566,
"SWE","QGDP","TOT","PC_CHGPP","Q","2008-Q1",-0.80477233,
"SWE","QGDP","TOT","PC_CHGPP","Q","2008-Q2",-0.022136724,
"SWE","QGDP","TOT","PC_CHGPP","Q","2008-Q3",-0.521936768,
"SWE","QGDP","TOT","PC_CHGPP","Q","2008-Q4",-3.536706816,
"SWE","QGDP","TOT","PC_CHGPP","Q","2009-Q1",-1.490136915,
"SWE","QGDP","TOT","PC_CHGPP","Q","2009-Q2",0.073371684,
"SWE","QGDP","TOT","PC_CHGPP","Q","2009-Q3",-0.050712374,
"SWE","QGDP","TOT","PC_CHGPP","Q","2009-Q4",0.457943916,
"SWE","QGDP","TOT","PC_CHGPP","Q","2010-Q1",2.668592633,
"SWE","QGDP","TOT","PC_CHGPP","Q","2010-Q2",2.079150952,
"SWE","QGDP","TOT","PC_CHGPP","Q","2010-Q3",1.211929953,
"SWE","QGDP","TOT","PC_CHGPP","Q","2010-Q4",1.605291555,
"SWE","QGDP","TOT","PC_CHGPP","Q","2011-Q1",0.362423328,
"SWE","QGDP","TOT","PC_CHGPP","Q","2011-Q2",0.320039049,
"SWE","QGDP","TOT","PC_CHGPP","Q","2011-Q3",1.32518728,
"SWE","QGDP","TOT","PC_CHGPP","Q","2011-Q4",-1.422921678,
"SWE","QGDP","TOT","PC_CHGPP","Q","2012-Q1",0.199998162,
"SWE","QGDP","TOT","PC_CHGPP","Q","2012-Q2",0.121080256,
"SWE","QGDP","TOT","PC_CHGPP","Q","2012-Q3",-0.118276949,
"SWE","QGDP","TOT","PC_CHGPP","Q","2012-Q4",-0.735176089,
"SWE","QGDP","TOT","PC_CHGPP","Q","2013-Q1",1.41609684,
"SWE","QGDP","TOT","PC_CHGPP","Q","2013-Q2",-0.10250336,
"SWE","QGDP","TOT","PC_CHGPP","Q","2013-Q3",0.459686246,
"SWE","QGDP","TOT","PC_CHGPP","Q","2013-Q4",0.683468913,
"SWE","QGDP","TOT","PC_CHGPP","Q","2014-Q1",0.841503091,
"SWE","QGDP","TOT","PC_CHGPP","Q","2014-Q2",0.811320755,
"SWE","QGDP","TOT","PC_CHGPP","Q","2014-Q3",0.731080131,
"SWE","QGDP","TOT","PC_CHGPP","Q","2014-Q4",0.763286853,
"SWE","QGDP","TOT","PC_CHGPP","Q","2015-Q1",1.408392854,
"SWE","QGDP","TOT","PC_CHGPP","Q","2015-Q2",0.995433467,
"SWE","QGDP","TOT","PC_CHGPP","Q","2015-Q3",1.394684074,
"SWE","QGDP","TOT","PC_CHGPP","Q","2015-Q4",0.754694752,
"SWE","QGDP","TOT","PC_CHGPP","Q","2016-Q1",-0.109165655,
"SWE","QGDP","TOT","PC_CHGPP","Q","2016-Q2",0.090387941,
"SWE","QGDP","TOT","PC_CHGPP","Q","2016-Q3",0.301912138,
"SWE","QGDP","TOT","PC_CHGPP","Q","2016-Q4",0.913254559,
"SWE","QGDP","TOT","PC_CHGPP","Q","2017-Q1",0.417211394,
"SWE","QGDP","TOT","PC_CHGPP","Q","2017-Q2",1.282351597,
"SWE","QGDP","TOT","PC_CHGPP","Q","2017-Q3",0.964883593,
"SWE","QGDP","TOT","PC_CHGPP","Q","2017-Q4",0.226578029,
"SWE","QGDP","TOT","PC_CHGPP","Q","2018-Q1",0.234887111,
"SWE","QGDP","TOT","PC_CHGPP","Q","2018-Q2",1.077036685,
"SWE","QGDP","TOT","PC_CHGPP","Q","2018-Q3",-0.715544815,
"SWE","QGDP","TOT","PC_CHGPP","Q","2018-Q4",1.465878678,
"SWE","QGDP","TOT","PC_CHGPP","Q","2019-Q1",0.518260104,
"SWE","QGDP","TOT","PC_CHGPP","Q","2019-Q2",0.483852309,
"SWE","QGDP","TOT","PC_CHGPP","Q","2019-Q3",0.124386817,
"SWE","QGDP","TOT","PC_CHGPP","Q","2019-Q4",0.250406921,
"SWE","QGDP","TOT","PC_CHGPP","Q","2020-Q1",-0.827231526,
"SWE","QGDP","TOT","PC_CHGPP","Q","2020-Q2",-7.870017989,
"SWE","QGDP","TOT","PC_CHGPP","Q","2020-Q3",6.899812968,
"SWE","QGDP","TOT","PC_CHGPP","Q","2020-Q4",0.322465464,
"SWE","QGDP","TOT","PC_CHGPP","Q","2021-Q1",1.2171433,
"SWE","QGDP","TOT","PC_CHGPP","Q","2021-Q2",0.959411382,
"SWE","QGDP","TOT","PC_CHGPP","Q","2021-Q3",2.173881075,
"SWE","QGDP","TOT","PC_CHGPP","Q","2021-Q4",1.400036967,
"FRA","QGDP","TOT","PC_CHGPP","Q","2003-Q3",0.66977107,
"FRA","QGDP","TOT","PC_CHGPP","Q","2003-Q4",0.725740742,
"FRA","QGDP","TOT","PC_CHGPP","Q","2004-Q1",0.933092814,
"FRA","QGDP","TOT","PC_CHGPP","Q","2004-Q2",0.648202223,
"FRA","QGDP","TOT","PC_CHGPP","Q","2004-Q3",0.25699377,
"FRA","QGDP","TOT","PC_CHGPP","Q","2004-Q4",0.754433528,
"FRA","QGDP","TOT","PC_CHGPP","Q","2005-Q1",0.270303852,
"FRA","QGDP","TOT","PC_CHGPP","Q","2005-Q2",0.185066307,
"FRA","QGDP","TOT","PC_CHGPP","Q","2005-Q3",0.497600204,
"FRA","QGDP","TOT","PC_CHGPP","Q","2005-Q4",0.782856255,
"FRA","QGDP","TOT","PC_CHGPP","Q","2006-Q1",0.766765232,
"FRA","QGDP","TOT","PC_CHGPP","Q","2006-Q2",0.99993841,
"FRA","QGDP","TOT","PC_CHGPP","Q","2006-Q3",0.011212438,
"FRA","QGDP","TOT","PC_CHGPP","Q","2006-Q4",0.79835412,
"FRA","QGDP","TOT","PC_CHGPP","Q","2007-Q1",0.743638776,
"FRA","QGDP","TOT","PC_CHGPP","Q","2007-Q2",0.756162707,
"FRA","QGDP","TOT","PC_CHGPP","Q","2007-Q3",0.357173752,
"FRA","QGDP","TOT","PC_CHGPP","Q","2007-Q4",0.237523776,
"FRA","QGDP","TOT","PC_CHGPP","Q","2008-Q1",0.394043108,
"FRA","QGDP","TOT","PC_CHGPP","Q","2008-Q2",-0.427139744,
"FRA","QGDP","TOT","PC_CHGPP","Q","2008-Q3",-0.277570152,
"FRA","QGDP","TOT","PC_CHGPP","Q","2008-Q4",-1.451331234,
"FRA","QGDP","TOT","PC_CHGPP","Q","2009-Q1",-1.647188808,
"FRA","QGDP","TOT","PC_CHGPP","Q","2009-Q2",-0.098888493,
"FRA","QGDP","TOT","PC_CHGPP","Q","2009-Q3",0.162337662,
"FRA","QGDP","TOT","PC_CHGPP","Q","2009-Q4",0.7038384,
"FRA","QGDP","TOT","PC_CHGPP","Q","2010-Q1",0.354464466,
"FRA","QGDP","TOT","PC_CHGPP","Q","2010-Q2",0.512216731,
"FRA","QGDP","TOT","PC_CHGPP","Q","2010-Q3",0.645812821,
"FRA","QGDP","TOT","PC_CHGPP","Q","2010-Q4",0.714554998,
"FRA","QGDP","TOT","PC_CHGPP","Q","2011-Q1",0.985524272,
"FRA","QGDP","TOT","PC_CHGPP","Q","2011-Q2",0.030984175,
"FRA","QGDP","TOT","PC_CHGPP","Q","2011-Q3",0.364283841,
"FRA","QGDP","TOT","PC_CHGPP","Q","2011-Q4",0.181196808,
"FRA","QGDP","TOT","PC_CHGPP","Q","2012-Q1",0.085615144,
"FRA","QGDP","TOT","PC_CHGPP","Q","2012-Q2",-0.155599407,
"FRA","QGDP","TOT","PC_CHGPP","Q","2012-Q3",0.194045856,
"FRA","QGDP","TOT","PC_CHGPP","Q","2012-Q4",-0.071729647,
"FRA","QGDP","TOT","PC_CHGPP","Q","2013-Q1",-0.011522761,
"FRA","QGDP","TOT","PC_CHGPP","Q","2013-Q2",0.658195517,
"FRA","QGDP","TOT","PC_CHGPP","Q","2013-Q3",0.014076312,
"FRA","QGDP","TOT","PC_CHGPP","Q","2013-Q4",0.481717444,
"FRA","QGDP","TOT","PC_CHGPP","Q","2014-Q1",0.075637032,
"FRA","QGDP","TOT","PC_CHGPP","Q","2014-Q2",0.12242072,
"FRA","QGDP","TOT","PC_CHGPP","Q","2014-Q3",0.498589969,
"FRA","QGDP","TOT","PC_CHGPP","Q","2014-Q4",0.091804714,
"FRA","QGDP","TOT","PC_CHGPP","Q","2015-Q1",0.478429004,
"FRA","QGDP","TOT","PC_CHGPP","Q","2015-Q2",0.010142642,
"FRA","QGDP","TOT","PC_CHGPP","Q","2015-Q3",0.334120077,
"FRA","QGDP","TOT","PC_CHGPP","Q","2015-Q4",0.150514949,
"FRA","QGDP","TOT","PC_CHGPP","Q","2016-Q1",0.632533934,
"FRA","QGDP","TOT","PC_CHGPP","Q","2016-Q2",-0.163932035,
"FRA","QGDP","TOT","PC_CHGPP","Q","2016-Q3",0.190867929,
"FRA","QGDP","TOT","PC_CHGPP","Q","2016-Q4",0.542344826,
"FRA","QGDP","TOT","PC_CHGPP","Q","2017-Q1",0.817741547,
"FRA","QGDP","TOT","PC_CHGPP","Q","2017-Q2",0.810209539,
"FRA","QGDP","TOT","PC_CHGPP","Q","2017-Q3",0.640460704,
"FRA","QGDP","TOT","PC_CHGPP","Q","2017-Q4",0.846090576,
"FRA","QGDP","TOT","PC_CHGPP","Q","2018-Q1",0.028651935,
"FRA","QGDP","TOT","PC_CHGPP","Q","2018-Q2",0.342670369,
"FRA","QGDP","TOT","PC_CHGPP","Q","2018-Q3",0.416980438,
"FRA","QGDP","TOT","PC_CHGPP","Q","2018-Q4",0.721497198,
"FRA","QGDP","TOT","PC_CHGPP","Q","2019-Q1",0.639795819,
"FRA","QGDP","TOT","PC_CHGPP","Q","2019-Q2",0.52165864,
"FRA","QGDP","TOT","PC_CHGPP","Q","2019-Q3",0.120324174,
"FRA","QGDP","TOT","PC_CHGPP","Q","2019-Q4",-0.388916811,
"FRA","QGDP","TOT","PC_CHGPP","Q","2020-Q1",-5.691945706,
"FRA","QGDP","TOT","PC_CHGPP","Q","2020-Q2",-13.475288299,
"FRA","QGDP","TOT","PC_CHGPP","Q","2020-Q3",18.619549581,
"FRA","QGDP","TOT","PC_CHGPP","Q","2020-Q4",-1.100713123,
"FRA","QGDP","TOT","PC_CHGPP","Q","2021-Q1",0.143243873,
"FRA","QGDP","TOT","PC_CHGPP","Q","2021-Q2",1.334612747,
"FRA","QGDP","TOT","PC_CHGPP","Q","2021-Q3",3.149931807,
"FRA","QGDP","TOT","PC_CHGPP","Q","2021-Q4",0.71059852,
"GRC","QGDP","TOT","PC_CHGPP","Q","2003-Q3",0.627318594,
"GRC","QGDP","TOT","PC_CHGPP","Q","2003-Q4",2.137179548,
"GRC","QGDP","TOT","PC_CHGPP","Q","2004-Q1",1.828564537,
"GRC","QGDP","TOT","PC_CHGPP","Q","2004-Q2",-0.018592188,
"GRC","QGDP","TOT","PC_CHGPP","Q","2004-Q3",1.334459386,
"GRC","QGDP","TOT","PC_CHGPP","Q","2004-Q4",-0.381337288,
"GRC","QGDP","TOT","PC_CHGPP","Q","2005-Q1",-0.588090483,
"GRC","QGDP","TOT","PC_CHGPP","Q","2005-Q2",0.237815218,
"GRC","QGDP","TOT","PC_CHGPP","Q","2005-Q3",1.390843165,
"GRC","QGDP","TOT","PC_CHGPP","Q","2005-Q4",0.501015516,
"GRC","QGDP","TOT","PC_CHGPP","Q","2006-Q1",3.258220871,
"GRC","QGDP","TOT","PC_CHGPP","Q","2006-Q2",0.307050511,
"GRC","QGDP","TOT","PC_CHGPP","Q","2006-Q3",0.477438963,
"GRC","QGDP","TOT","PC_CHGPP","Q","2006-Q4",2.542940426,
"GRC","QGDP","TOT","PC_CHGPP","Q","2007-Q1",-0.785285662,
"GRC","QGDP","TOT","PC_CHGPP","Q","2007-Q2",2.911721824,
"GRC","QGDP","TOT","PC_CHGPP","Q","2007-Q3",-0.623113458,
"GRC","QGDP","TOT","PC_CHGPP","Q","2007-Q4",-0.495876772,
"GRC","QGDP","TOT","PC_CHGPP","Q","2008-Q1",0.611597606,
"GRC","QGDP","TOT","PC_CHGPP","Q","2008-Q2",-0.639736483,
"GRC","QGDP","TOT","PC_CHGPP","Q","2008-Q3",-0.097483141,
"GRC","QGDP","TOT","PC_CHGPP","Q","2008-Q4",-1.397015176,
"GRC","QGDP","TOT","PC_CHGPP","Q","2009-Q1",-4.747780617,
"GRC","QGDP","TOT","PC_CHGPP","Q","2009-Q2",2.776841903,
"GRC","QGDP","TOT","PC_CHGPP","Q","2009-Q3",-0.725436891,
"GRC","QGDP","TOT","PC_CHGPP","Q","2009-Q4",0.128217041,
"GRC","QGDP","TOT","PC_CHGPP","Q","2010-Q1",-5.562886166,"B"
"GRC","QGDP","TOT","PC_CHGPP","Q","2010-Q2",-3.753833606,"B"
"GRC","QGDP","TOT","PC_CHGPP","Q","2010-Q3",-3.336596347,"B"
"GRC","QGDP","TOT","PC_CHGPP","Q","2010-Q4",-0.794064544,"B"
"GRC","QGDP","TOT","PC_CHGPP","Q","2011-Q1",-3.796685412,
"GRC","QGDP","TOT","PC_CHGPP","Q","2011-Q2",-1.817049481,
"GRC","QGDP","TOT","PC_CHGPP","Q","2011-Q3",-2.001483123,
"GRC","QGDP","TOT","PC_CHGPP","Q","2011-Q4",-4.424050686,
"GRC","QGDP","TOT","PC_CHGPP","Q","2012-Q1",-0.428093162,
"GRC","QGDP","TOT","PC_CHGPP","Q","2012-Q2",-1.63061201,
"GRC","QGDP","TOT","PC_CHGPP","Q","2012-Q3",-1.42355955,
"GRC","QGDP","TOT","PC_CHGPP","Q","2012-Q4",-0.883335476,
"GRC","QGDP","TOT","PC_CHGPP","Q","2013-Q1",-0.939264551,
"GRC","QGDP","TOT","PC_CHGPP","Q","2013-Q2",0.159070501,
"GRC","QGDP","TOT","PC_CHGPP","Q","2013-Q3",-0.006997797,
"GRC","QGDP","TOT","PC_CHGPP","Q","2013-Q4",0.674911056,
"GRC","QGDP","TOT","PC_CHGPP","Q","2014-Q1",-0.019152175,
"GRC","QGDP","TOT","PC_CHGPP","Q","2014-Q2",-0.283336808,
"GRC","QGDP","TOT","PC_CHGPP","Q","2014-Q3",1.077720303,
"GRC","QGDP","TOT","PC_CHGPP","Q","2014-Q4",-1.04971496,
"GRC","QGDP","TOT","PC_CHGPP","Q","2015-Q1",0.569886785,
"GRC","QGDP","TOT","PC_CHGPP","Q","2015-Q2",-0.075210905,
"GRC","QGDP","TOT","PC_CHGPP","Q","2015-Q3",-1.951367358,
"GRC","QGDP","TOT","PC_CHGPP","Q","2015-Q4",1.796090837,
"GRC","QGDP","TOT","PC_CHGPP","Q","2016-Q1",-0.877063501,
"GRC","QGDP","TOT","PC_CHGPP","Q","2016-Q2",-0.335377168,
"GRC","QGDP","TOT","PC_CHGPP","Q","2016-Q3",0.335020987,
"GRC","QGDP","TOT","PC_CHGPP","Q","2016-Q4",0.65535945,
"GRC","QGDP","TOT","PC_CHGPP","Q","2017-Q1",-0.280943913,
"GRC","QGDP","TOT","PC_CHGPP","Q","2017-Q2",0.604410909,
"GRC","QGDP","TOT","PC_CHGPP","Q","2017-Q3",1.071611548,
"GRC","QGDP","TOT","PC_CHGPP","Q","2017-Q4",-0.902684461,
"GRC","QGDP","TOT","PC_CHGPP","Q","2018-Q1",1.368104752,
"GRC","QGDP","TOT","PC_CHGPP","Q","2018-Q2",0.148188556,
"GRC","QGDP","TOT","PC_CHGPP","Q","2018-Q3",-0.216406854,
"GRC","QGDP","TOT","PC_CHGPP","Q","2018-Q4",0.595649927,
"GRC","QGDP","TOT","PC_CHGPP","Q","2019-Q1",0.863195462,"P"
"GRC","QGDP","TOT","PC_CHGPP","Q","2019-Q2",0.766387289,"P"
"GRC","QGDP","TOT","PC_CHGPP","Q","2019-Q3",0.030562975,"P"
"GRC","QGDP","TOT","PC_CHGPP","Q","2019-Q4",-0.233572254,"P"
"GRC","QGDP","TOT","PC_CHGPP","Q","2020-Q1",-1.584829399,"P"
"GRC","QGDP","TOT","PC_CHGPP","Q","2020-Q2",-14.152196136,"P"
"GRC","QGDP","TOT","PC_CHGPP","Q","2020-Q3",5.586256642,"P"
"GRC","QGDP","TOT","PC_CHGPP","Q","2020-Q4",3.861254091,"P"
"GRC","QGDP","TOT","PC_CHGPP","Q","2021-Q1",4.198360816,"P"
"GRC","QGDP","TOT","PC_CHGPP","Q","2021-Q2",2.053339788,"P"
"GRC","QGDP","TOT","PC_CHGPP","Q","2021-Q3",2.710975458,"P"
